"Title Comment",""
"Model","LR8515"
"Serial No.","180345475"
"Identify Name","180345475"
"Recording Interval[s]","+6.000000000E+01"
"Trigger Time","2023/09/28 19:10:22.000"

"Channel","Input Type","Range","Scaling Settings","Scaling Conversion Ratio","Scaling Offset"
"CH1-1","Thermocouple","1000C","OFF","",""

"Time","CH1-1[C]"
"2023/09/28 19:10:22.000","+2.77000E+01"
"2023/09/28 19:11:22.000","+2.78000E+01"
"2023/09/28 19:12:22.000","+2.78000E+01"
"2023/09/28 19:13:22.000","+2.79000E+01"
"2023/09/28 19:14:22.000","+2.79000E+01"
"2023/09/28 19:15:22.000","+2.79000E+01"
"2023/09/28 19:16:22.000","+2.80000E+01"
"2023/09/28 19:17:22.000","+2.80000E+01"
"2023/09/28 19:18:22.000","+2.79000E+01"
"2023/09/28 19:19:22.000","+2.79000E+01"
"2023/09/28 19:20:22.000","+2.79000E+01"
"2023/09/28 19:21:22.000","+2.79000E+01"
"2023/09/28 19:22:22.000","+2.80000E+01"
"2023/09/28 19:23:22.000","+2.79000E+01"
"2023/09/28 19:24:22.000","+2.79000E+01"
"2023/09/28 19:25:22.000","+2.80000E+01"
"2023/09/28 19:26:22.000","+2.80000E+01"
"2023/09/28 19:27:22.000","+2.80000E+01"
"2023/09/28 19:28:22.000","+2.80000E+01"
"2023/09/28 19:29:22.000","+2.80000E+01"
"2023/09/28 19:30:22.000","+2.80000E+01"
"2023/09/28 19:31:22.000","+2.81000E+01"
"2023/09/28 19:32:22.000","+2.81000E+01"
"2023/09/28 19:33:22.000","+2.81000E+01"
"2023/09/28 19:34:22.000","+2.80000E+01"
"2023/09/28 19:35:22.000","+2.81000E+01"
"2023/09/28 19:36:22.000","+2.81000E+01"
"2023/09/28 19:37:22.000","+2.81000E+01"
"2023/09/28 19:38:22.000","+2.81000E+01"
"2023/09/28 19:39:22.000","+2.81000E+01"
"2023/09/28 19:40:22.000","+2.82000E+01"
"2023/09/28 19:41:22.000","+2.81000E+01"
"2023/09/28 19:42:22.000","+2.82000E+01"
"2023/09/28 19:43:22.000","+2.82000E+01"
"2023/09/28 19:44:22.000","+2.82000E+01"
"2023/09/28 19:45:22.000","+2.82000E+01"
"2023/09/28 19:46:22.000","+2.82000E+01"
"2023/09/28 19:47:22.000","+2.82000E+01"
"2023/09/28 19:48:22.000","+2.82000E+01"
"2023/09/28 19:49:22.000","+2.83000E+01"
"2023/09/28 19:50:22.000","+2.82000E+01"
"2023/09/28 19:51:22.000","+2.83000E+01"
"2023/09/28 19:52:22.000","+2.83000E+01"
"2023/09/28 19:53:22.000","+2.83000E+01"
"2023/09/28 19:54:22.000","+2.83000E+01"
"2023/09/28 19:55:22.000","+2.83000E+01"
"2023/09/28 19:56:22.000","+2.83000E+01"
"2023/09/28 19:57:22.000","+2.83000E+01"
"2023/09/28 19:58:22.000","+2.83000E+01"
"2023/09/28 19:59:22.000","+2.83000E+01"
"2023/09/28 20:00:22.000","+2.84000E+01"
"2023/09/28 20:01:22.000","+2.84000E+01"
"2023/09/28 20:02:22.000","+2.84000E+01"
"2023/09/28 20:03:22.000","+2.84000E+01"
"2023/09/28 20:04:22.000","+2.84000E+01"
"2023/09/28 20:05:22.000","+2.84000E+01"
"2023/09/28 20:06:22.000","+2.84000E+01"
"2023/09/28 20:07:22.000","+2.85000E+01"
"2023/09/28 20:08:22.000","+2.84000E+01"
"2023/09/28 20:09:22.000","+2.84000E+01"
"2023/09/28 20:10:22.000","+2.85000E+01"
"2023/09/28 20:11:22.000","+2.85000E+01"
"2023/09/28 20:12:22.000","+2.85000E+01"
"2023/09/28 20:13:22.000","+2.85000E+01"
"2023/09/28 20:14:22.000","+2.85000E+01"
"2023/09/28 20:15:22.000","+2.85000E+01"
"2023/09/28 20:16:22.000","+2.85000E+01"
"2023/09/28 20:17:22.000","+2.85000E+01"
"2023/09/28 20:18:22.000","+2.85000E+01"
"2023/09/28 20:19:22.000","+2.85000E+01"
"2023/09/28 20:20:22.000","+2.85000E+01"
"2023/09/28 20:21:22.000","+2.85000E+01"
"2023/09/28 20:22:22.000","+2.85000E+01"
"2023/09/28 20:23:22.000","+2.85000E+01"
"2023/09/28 20:24:22.000","+2.85000E+01"
"2023/09/28 20:25:22.000","+2.86000E+01"
"2023/09/28 20:26:22.000","+2.85000E+01"
"2023/09/28 20:27:22.000","+2.86000E+01"
"2023/09/28 20:28:22.000","+2.86000E+01"
"2023/09/28 20:29:22.000","+2.85000E+01"
"2023/09/28 20:30:22.000","+2.86000E+01"
"2023/09/28 20:31:22.000","+2.85000E+01"
"2023/09/28 20:32:22.000","+2.86000E+01"
"2023/09/28 20:33:22.000","+2.86000E+01"
"2023/09/28 20:34:22.000","+2.85000E+01"
"2023/09/28 20:35:22.000","+2.86000E+01"
"2023/09/28 20:36:22.000","+2.86000E+01"
"2023/09/28 20:37:22.000","+2.85000E+01"
"2023/09/28 20:38:22.000","+2.86000E+01"
"2023/09/28 20:39:22.000","+2.86000E+01"
"2023/09/28 20:40:22.000","+2.86000E+01"
"2023/09/28 20:41:22.000","+2.86000E+01"
"2023/09/28 20:42:22.000","+2.86000E+01"
"2023/09/28 20:43:22.000","+2.86000E+01"
"2023/09/28 20:44:22.000","+2.86000E+01"
"2023/09/28 20:45:22.000","+2.86000E+01"
"2023/09/28 20:46:22.000","+2.86000E+01"
"2023/09/28 20:47:22.000","+2.86000E+01"
"2023/09/28 20:48:22.000","+2.86000E+01"
"2023/09/28 20:49:22.000","+2.86000E+01"
"2023/09/28 20:50:22.000","+2.86000E+01"
"2023/09/28 20:51:22.000","+2.86000E+01"
"2023/09/28 20:52:22.000","+2.86000E+01"
"2023/09/28 20:53:22.000","+2.86000E+01"
"2023/09/28 20:54:22.000","+2.86000E+01"
"2023/09/28 20:55:22.000","+2.86000E+01"
"2023/09/28 20:56:22.000","+2.86000E+01"
"2023/09/28 20:57:22.000","+2.86000E+01"
"2023/09/28 20:58:22.000","+2.86000E+01"
"2023/09/28 20:59:22.000","+2.86000E+01"
"2023/09/28 21:00:22.000","+2.86000E+01"
"2023/09/28 21:01:22.000","+2.86000E+01"
"2023/09/28 21:02:22.000","+2.86000E+01"
"2023/09/28 21:03:22.000","+2.87000E+01"
"2023/09/28 21:04:22.000","+2.86000E+01"
"2023/09/28 21:05:22.000","+2.86000E+01"
"2023/09/28 21:06:22.000","+2.87000E+01"
"2023/09/28 21:07:22.000","+2.86000E+01"
"2023/09/28 21:08:22.000","+2.87000E+01"
"2023/09/28 21:09:22.000","+2.86000E+01"
"2023/09/28 21:10:22.000","+2.86000E+01"
"2023/09/28 21:11:22.000","+2.87000E+01"
"2023/09/28 21:12:22.000","+2.87000E+01"
"2023/09/28 21:13:22.000","+2.87000E+01"
"2023/09/28 21:14:22.000","+2.86000E+01"
"2023/09/28 21:15:22.000","+2.87000E+01"
"2023/09/28 21:16:22.000","+2.87000E+01"
"2023/09/28 21:17:22.000","+2.87000E+01"
"2023/09/28 21:18:22.000","+2.87000E+01"
"2023/09/28 21:19:22.000","+2.87000E+01"
"2023/09/28 21:20:22.000","+2.87000E+01"
"2023/09/28 21:21:22.000","+2.87000E+01"
"2023/09/28 21:22:22.000","+2.86000E+01"
"2023/09/28 21:23:22.000","+2.87000E+01"
"2023/09/28 21:24:22.000","+2.87000E+01"
"2023/09/28 21:25:22.000","+2.87000E+01"
"2023/09/28 21:26:22.000","+2.87000E+01"
"2023/09/28 21:27:22.000","+2.87000E+01"
"2023/09/28 21:28:22.000","+2.87000E+01"
"2023/09/28 21:29:22.000","+2.87000E+01"
"2023/09/28 21:30:22.000","+2.87000E+01"
"2023/09/28 21:31:22.000","+2.87000E+01"
"2023/09/28 21:32:22.000","+2.87000E+01"
"2023/09/28 21:33:22.000","+2.87000E+01"
"2023/09/28 21:34:22.000","+2.87000E+01"
"2023/09/28 21:35:22.000","+2.87000E+01"
"2023/09/28 21:36:22.000","+2.87000E+01"
"2023/09/28 21:37:22.000","+2.87000E+01"
"2023/09/28 21:38:22.000","+2.87000E+01"
"2023/09/28 21:39:22.000","+2.87000E+01"
"2023/09/28 21:40:22.000","+2.87000E+01"
"2023/09/28 21:41:22.000","+2.87000E+01"
"2023/09/28 21:42:22.000","+2.87000E+01"
"2023/09/28 21:43:22.000","+2.87000E+01"
"2023/09/28 21:44:22.000","+2.87000E+01"
"2023/09/28 21:45:22.000","+2.87000E+01"
"2023/09/28 21:46:22.000","+2.87000E+01"
"2023/09/28 21:47:22.000","+2.87000E+01"
"2023/09/28 21:48:22.000","+2.87000E+01"
"2023/09/28 21:49:22.000","+2.87000E+01"
"2023/09/28 21:50:22.000","+2.87000E+01"
"2023/09/28 21:51:22.000","+2.87000E+01"
"2023/09/28 21:52:22.000","+2.87000E+01"
"2023/09/28 21:53:22.000","+2.87000E+01"
"2023/09/28 21:54:22.000","+2.87000E+01"
"2023/09/28 21:55:22.000","+2.87000E+01"
"2023/09/28 21:56:22.000","+2.87000E+01"
"2023/09/28 21:57:22.000","+2.87000E+01"
"2023/09/28 21:58:22.000","+2.87000E+01"
"2023/09/28 21:59:22.000","+2.87000E+01"
"2023/09/28 22:00:22.000","+2.87000E+01"
"2023/09/28 22:01:22.000","+2.87000E+01"
"2023/09/28 22:02:22.000","+2.87000E+01"
"2023/09/28 22:03:22.000","+2.87000E+01"
"2023/09/28 22:04:22.000","+2.87000E+01"
"2023/09/28 22:05:22.000","+2.87000E+01"
"2023/09/28 22:06:22.000","+2.87000E+01"
"2023/09/28 22:07:22.000","+2.87000E+01"
"2023/09/28 22:08:22.000","+2.87000E+01"
"2023/09/28 22:09:22.000","+2.87000E+01"
"2023/09/28 22:10:22.000","+2.87000E+01"
"2023/09/28 22:11:22.000","+2.87000E+01"
"2023/09/28 22:12:22.000","+2.87000E+01"
"2023/09/28 22:13:22.000","+2.87000E+01"
"2023/09/28 22:14:22.000","+2.87000E+01"
"2023/09/28 22:15:22.000","+2.88000E+01"
"2023/09/28 22:16:22.000","+2.87000E+01"
"2023/09/28 22:17:22.000","+2.88000E+01"
"2023/09/28 22:18:22.000","+2.87000E+01"
"2023/09/28 22:19:22.000","+2.87000E+01"
"2023/09/28 22:20:22.000","+2.87000E+01"
"2023/09/28 22:21:22.000","+2.87000E+01"
"2023/09/28 22:22:22.000","+2.87000E+01"
"2023/09/28 22:23:22.000","+2.88000E+01"
"2023/09/28 22:24:22.000","+2.87000E+01"
"2023/09/28 22:25:22.000","+2.88000E+01"
"2023/09/28 22:26:22.000","+2.87000E+01"
"2023/09/28 22:27:22.000","+2.87000E+01"
"2023/09/28 22:28:22.000","+2.87000E+01"
"2023/09/28 22:29:22.000","+2.87000E+01"
"2023/09/28 22:30:22.000","+2.88000E+01"
"2023/09/28 22:31:22.000","+2.87000E+01"
"2023/09/28 22:32:22.000","+2.87000E+01"
"2023/09/28 22:33:22.000","+2.87000E+01"
"2023/09/28 22:34:22.000","+2.87000E+01"
"2023/09/28 22:35:22.000","+2.88000E+01"
"2023/09/28 22:36:22.000","+2.87000E+01"
"2023/09/28 22:37:22.000","+2.87000E+01"
"2023/09/28 22:38:22.000","+2.88000E+01"
"2023/09/28 22:39:22.000","+2.87000E+01"
"2023/09/28 22:40:22.000","+2.88000E+01"
"2023/09/28 22:41:22.000","+2.88000E+01"
"2023/09/28 22:42:22.000","+2.87000E+01"
"2023/09/28 22:43:22.000","+2.87000E+01"
"2023/09/28 22:44:22.000","+2.87000E+01"
"2023/09/28 22:45:22.000","+2.88000E+01"
"2023/09/28 22:46:22.000","+2.88000E+01"
"2023/09/28 22:47:22.000","+2.88000E+01"
"2023/09/28 22:48:22.000","+2.88000E+01"
"2023/09/28 22:49:22.000","+2.88000E+01"
"2023/09/28 22:50:22.000","+2.88000E+01"
"2023/09/28 22:51:22.000","+2.88000E+01"
"2023/09/28 22:52:22.000","+2.87000E+01"
"2023/09/28 22:53:22.000","+2.88000E+01"
"2023/09/28 22:54:22.000","+2.88000E+01"
"2023/09/28 22:55:22.000","+2.88000E+01"
"2023/09/28 22:56:22.000","+2.87000E+01"
"2023/09/28 22:57:22.000","+2.88000E+01"
"2023/09/28 22:58:22.000","+2.88000E+01"
"2023/09/28 22:59:22.000","+2.88000E+01"
"2023/09/28 23:00:22.000","+2.88000E+01"
"2023/09/28 23:01:22.000","+2.88000E+01"
"2023/09/28 23:02:22.000","+2.88000E+01"
"2023/09/28 23:03:22.000","+2.88000E+01"
"2023/09/28 23:04:22.000","+2.88000E+01"
"2023/09/28 23:05:22.000","+2.88000E+01"
"2023/09/28 23:06:22.000","+2.88000E+01"
"2023/09/28 23:07:22.000","+2.87000E+01"
"2023/09/28 23:08:22.000","+2.88000E+01"
"2023/09/28 23:09:22.000","+2.88000E+01"
"2023/09/28 23:10:22.000","+2.88000E+01"
"2023/09/28 23:11:22.000","+2.88000E+01"
"2023/09/28 23:12:22.000","+2.88000E+01"
"2023/09/28 23:13:22.000","+2.88000E+01"
"2023/09/28 23:14:22.000","+2.88000E+01"
"2023/09/28 23:15:22.000","+2.88000E+01"
"2023/09/28 23:16:22.000","+2.88000E+01"
"2023/09/28 23:17:22.000","+2.88000E+01"
"2023/09/28 23:18:22.000","+2.88000E+01"
"2023/09/28 23:19:22.000","+2.88000E+01"
"2023/09/28 23:20:22.000","+2.88000E+01"
"2023/09/28 23:21:22.000","+2.88000E+01"
"2023/09/28 23:22:22.000","+2.88000E+01"
"2023/09/28 23:23:22.000","+2.88000E+01"
"2023/09/28 23:24:22.000","+2.88000E+01"
"2023/09/28 23:25:22.000","+2.88000E+01"
"2023/09/28 23:26:22.000","+2.88000E+01"
"2023/09/28 23:27:22.000","+2.88000E+01"
"2023/09/28 23:28:22.000","+2.88000E+01"
"2023/09/28 23:29:22.000","+2.88000E+01"
"2023/09/28 23:30:22.000","+2.88000E+01"
"2023/09/28 23:31:22.000","+2.88000E+01"
"2023/09/28 23:32:22.000","+2.88000E+01"
"2023/09/28 23:33:22.000","+2.88000E+01"
"2023/09/28 23:34:22.000","+2.88000E+01"
"2023/09/28 23:35:22.000","+2.88000E+01"
"2023/09/28 23:36:22.000","+2.88000E+01"
"2023/09/28 23:37:22.000","+2.88000E+01"
"2023/09/28 23:38:22.000","+2.88000E+01"
"2023/09/28 23:39:22.000","+2.88000E+01"
"2023/09/28 23:40:22.000","+2.88000E+01"
"2023/09/28 23:41:22.000","+2.88000E+01"
"2023/09/28 23:42:22.000","+2.88000E+01"
"2023/09/28 23:43:22.000","+2.88000E+01"
"2023/09/28 23:44:22.000","+2.88000E+01"
"2023/09/28 23:45:22.000","+2.88000E+01"
"2023/09/28 23:46:22.000","+2.88000E+01"
"2023/09/28 23:47:22.000","+2.88000E+01"
"2023/09/28 23:48:22.000","+2.88000E+01"
"2023/09/28 23:49:22.000","+2.88000E+01"
"2023/09/28 23:50:22.000","+2.88000E+01"
"2023/09/28 23:51:22.000","+2.88000E+01"
"2023/09/28 23:52:22.000","+2.88000E+01"
"2023/09/28 23:53:22.000","+2.88000E+01"
"2023/09/28 23:54:22.000","+2.88000E+01"
"2023/09/28 23:55:22.000","+2.88000E+01"
"2023/09/28 23:56:22.000","+2.88000E+01"
"2023/09/28 23:57:22.000","+2.88000E+01"
"2023/09/28 23:58:22.000","+2.87000E+01"
"2023/09/28 23:59:22.000","+2.88000E+01"
"2023/09/29 00:00:22.000","+2.88000E+01"
"2023/09/29 00:01:22.000","+2.88000E+01"
"2023/09/29 00:02:22.000","+2.88000E+01"
"2023/09/29 00:03:22.000","+2.88000E+01"
"2023/09/29 00:04:22.000","+2.88000E+01"
"2023/09/29 00:05:22.000","+2.88000E+01"
"2023/09/29 00:06:22.000","+2.88000E+01"
"2023/09/29 00:07:22.000","+2.88000E+01"
"2023/09/29 00:08:22.000","+2.88000E+01"
"2023/09/29 00:09:22.000","+2.88000E+01"
"2023/09/29 00:10:22.000","+2.88000E+01"
"2023/09/29 00:11:22.000","+2.88000E+01"
"2023/09/29 00:12:22.000","+2.88000E+01"
"2023/09/29 00:13:22.000","+2.88000E+01"
"2023/09/29 00:14:22.000","+2.88000E+01"
"2023/09/29 00:15:22.000","+2.88000E+01"
"2023/09/29 00:16:22.000","+2.88000E+01"
"2023/09/29 00:17:22.000","+2.88000E+01"
"2023/09/29 00:18:22.000","+2.88000E+01"
"2023/09/29 00:19:22.000","+2.88000E+01"
"2023/09/29 00:20:22.000","+2.88000E+01"
"2023/09/29 00:21:22.000","+2.88000E+01"
"2023/09/29 00:22:22.000","+2.88000E+01"
"2023/09/29 00:23:22.000","+2.88000E+01"
"2023/09/29 00:24:22.000","+2.88000E+01"
"2023/09/29 00:25:22.000","+2.88000E+01"
"2023/09/29 00:26:22.000","+2.88000E+01"
"2023/09/29 00:27:22.000","+2.88000E+01"
"2023/09/29 00:28:22.000","+2.88000E+01"
"2023/09/29 00:29:22.000","+2.88000E+01"
"2023/09/29 00:30:22.000","+2.88000E+01"
"2023/09/29 00:31:22.000","+2.88000E+01"
"2023/09/29 00:32:22.000","+2.88000E+01"
"2023/09/29 00:33:22.000","+2.88000E+01"
"2023/09/29 00:34:22.000","+2.88000E+01"
"2023/09/29 00:35:22.000","+2.88000E+01"
"2023/09/29 00:36:22.000","+2.88000E+01"
"2023/09/29 00:37:22.000","+2.88000E+01"
"2023/09/29 00:38:22.000","+2.88000E+01"
"2023/09/29 00:39:22.000","+2.88000E+01"
"2023/09/29 00:40:22.000","+2.88000E+01"
"2023/09/29 00:41:22.000","+2.88000E+01"
"2023/09/29 00:42:22.000","+2.88000E+01"
"2023/09/29 00:43:22.000","+2.88000E+01"
"2023/09/29 00:44:22.000","+2.88000E+01"
"2023/09/29 00:45:22.000","+2.88000E+01"
"2023/09/29 00:46:22.000","+2.88000E+01"
"2023/09/29 00:47:22.000","+2.88000E+01"
"2023/09/29 00:48:22.000","+2.88000E+01"
"2023/09/29 00:49:22.000","+2.88000E+01"
"2023/09/29 00:50:22.000","+2.88000E+01"
"2023/09/29 00:51:22.000","+2.88000E+01"
"2023/09/29 00:52:22.000","+2.88000E+01"
"2023/09/29 00:53:22.000","+2.88000E+01"
"2023/09/29 00:54:22.000","+2.88000E+01"
"2023/09/29 00:55:22.000","+2.88000E+01"
"2023/09/29 00:56:22.000","+2.88000E+01"
"2023/09/29 00:57:22.000","+2.88000E+01"
"2023/09/29 00:58:22.000","+2.87000E+01"
"2023/09/29 00:59:22.000","+2.88000E+01"
"2023/09/29 01:00:22.000","+2.88000E+01"
"2023/09/29 01:01:22.000","+2.88000E+01"
"2023/09/29 01:02:22.000","+2.88000E+01"
"2023/09/29 01:03:22.000","+2.88000E+01"
"2023/09/29 01:04:22.000","+2.88000E+01"
"2023/09/29 01:05:22.000","+2.88000E+01"
"2023/09/29 01:06:22.000","+2.88000E+01"
"2023/09/29 01:07:22.000","+2.88000E+01"
"2023/09/29 01:08:22.000","+2.88000E+01"
"2023/09/29 01:09:22.000","+2.87000E+01"
"2023/09/29 01:10:22.000","+2.88000E+01"
"2023/09/29 01:11:22.000","+2.88000E+01"
"2023/09/29 01:12:22.000","+2.88000E+01"
"2023/09/29 01:13:22.000","+2.88000E+01"
"2023/09/29 01:14:22.000","+2.88000E+01"
"2023/09/29 01:15:22.000","+2.88000E+01"
"2023/09/29 01:16:22.000","+2.88000E+01"
"2023/09/29 01:17:22.000","+2.87000E+01"
"2023/09/29 01:18:22.000","+2.87000E+01"
"2023/09/29 01:19:22.000","+2.88000E+01"
"2023/09/29 01:20:22.000","+2.88000E+01"
"2023/09/29 01:21:22.000","+2.88000E+01"
"2023/09/29 01:22:22.000","+2.88000E+01"
"2023/09/29 01:23:22.000","+2.88000E+01"
"2023/09/29 01:24:22.000","+2.88000E+01"
"2023/09/29 01:25:22.000","+2.88000E+01"
"2023/09/29 01:26:22.000","+2.88000E+01"
"2023/09/29 01:27:22.000","+2.88000E+01"
"2023/09/29 01:28:22.000","+2.88000E+01"
"2023/09/29 01:29:22.000","+2.87000E+01"
"2023/09/29 01:30:22.000","+2.88000E+01"
"2023/09/29 01:31:22.000","+2.88000E+01"
"2023/09/29 01:32:22.000","+2.88000E+01"
"2023/09/29 01:33:22.000","+2.87000E+01"
"2023/09/29 01:34:22.000","+2.88000E+01"
"2023/09/29 01:35:22.000","+2.88000E+01"
"2023/09/29 01:36:22.000","+2.88000E+01"
"2023/09/29 01:37:22.000","+2.88000E+01"
"2023/09/29 01:38:22.000","+2.88000E+01"
"2023/09/29 01:39:22.000","+2.88000E+01"
"2023/09/29 01:40:22.000","+2.87000E+01"
"2023/09/29 01:41:22.000","+2.87000E+01"
"2023/09/29 01:42:22.000","+2.88000E+01"
"2023/09/29 01:43:22.000","+2.88000E+01"
"2023/09/29 01:44:22.000","+2.88000E+01"
"2023/09/29 01:45:22.000","+2.88000E+01"
"2023/09/29 01:46:22.000","+2.87000E+01"
"2023/09/29 01:47:22.000","+2.88000E+01"
"2023/09/29 01:48:22.000","+2.87000E+01"
"2023/09/29 01:49:22.000","+2.88000E+01"
"2023/09/29 01:50:22.000","+2.88000E+01"
"2023/09/29 01:51:22.000","+2.88000E+01"
"2023/09/29 01:52:22.000","+2.88000E+01"
"2023/09/29 01:53:22.000","+2.88000E+01"
"2023/09/29 01:54:22.000","+2.88000E+01"
"2023/09/29 01:55:22.000","+2.88000E+01"
"2023/09/29 01:56:22.000","+2.88000E+01"
"2023/09/29 01:57:22.000","+2.88000E+01"
"2023/09/29 01:58:22.000","+2.88000E+01"
"2023/09/29 01:59:22.000","+2.88000E+01"
"2023/09/29 02:00:22.000","+2.88000E+01"
"2023/09/29 02:01:22.000","+2.88000E+01"
"2023/09/29 02:02:22.000","+2.88000E+01"
"2023/09/29 02:03:22.000","+2.88000E+01"
"2023/09/29 02:04:22.000","+2.88000E+01"
"2023/09/29 02:05:22.000","+2.87000E+01"
"2023/09/29 02:06:22.000","+2.88000E+01"
"2023/09/29 02:07:22.000","+2.88000E+01"
"2023/09/29 02:08:22.000","+2.88000E+01"
"2023/09/29 02:09:22.000","+2.87000E+01"
"2023/09/29 02:10:22.000","+2.88000E+01"
"2023/09/29 02:11:22.000","+2.87000E+01"
"2023/09/29 02:12:22.000","+2.88000E+01"
"2023/09/29 02:13:22.000","+2.88000E+01"
"2023/09/29 02:14:22.000","+2.88000E+01"
"2023/09/29 02:15:22.000","+2.88000E+01"
"2023/09/29 02:16:22.000","+2.88000E+01"
"2023/09/29 02:17:22.000","+2.88000E+01"
"2023/09/29 02:18:22.000","+2.88000E+01"
"2023/09/29 02:19:22.000","+2.88000E+01"
"2023/09/29 02:20:22.000","+2.87000E+01"
"2023/09/29 02:21:22.000","+2.88000E+01"
"2023/09/29 02:22:22.000","+2.88000E+01"
"2023/09/29 02:23:22.000","+2.88000E+01"
"2023/09/29 02:24:22.000","+2.88000E+01"
"2023/09/29 02:25:22.000","+2.88000E+01"
"2023/09/29 02:26:22.000","+2.88000E+01"
"2023/09/29 02:27:22.000","+2.87000E+01"
"2023/09/29 02:28:22.000","+2.88000E+01"
"2023/09/29 02:29:22.000","+2.88000E+01"
"2023/09/29 02:30:22.000","+2.88000E+01"
"2023/09/29 02:31:22.000","+2.87000E+01"
"2023/09/29 02:32:22.000","+2.88000E+01"
"2023/09/29 02:33:22.000","+2.88000E+01"
"2023/09/29 02:34:22.000","+2.88000E+01"
"2023/09/29 02:35:22.000","+2.88000E+01"
"2023/09/29 02:36:22.000","+2.87000E+01"
"2023/09/29 02:37:22.000","+2.88000E+01"
"2023/09/29 02:38:22.000","+2.88000E+01"
"2023/09/29 02:39:22.000","+2.88000E+01"
"2023/09/29 02:40:22.000","+2.88000E+01"
"2023/09/29 02:41:22.000","+2.88000E+01"
"2023/09/29 02:42:22.000","+2.87000E+01"
"2023/09/29 02:43:22.000","+2.87000E+01"
"2023/09/29 02:44:22.000","+2.88000E+01"
"2023/09/29 02:45:22.000","+2.87000E+01"
"2023/09/29 02:46:22.000","+2.88000E+01"
"2023/09/29 02:47:22.000","+2.88000E+01"
"2023/09/29 02:48:22.000","+2.88000E+01"
"2023/09/29 02:49:22.000","+2.88000E+01"
"2023/09/29 02:50:22.000","+2.88000E+01"
"2023/09/29 02:51:22.000","+2.87000E+01"
"2023/09/29 02:52:22.000","+2.88000E+01"
"2023/09/29 02:53:22.000","+2.87000E+01"
"2023/09/29 02:54:22.000","+2.88000E+01"
"2023/09/29 02:55:22.000","+2.88000E+01"
"2023/09/29 02:56:22.000","+2.88000E+01"
"2023/09/29 02:57:22.000","+2.88000E+01"
"2023/09/29 02:58:22.000","+2.87000E+01"
"2023/09/29 02:59:22.000","+2.87000E+01"
"2023/09/29 03:00:22.000","+2.88000E+01"
"2023/09/29 03:01:22.000","+2.88000E+01"
"2023/09/29 03:02:22.000","+2.87000E+01"
"2023/09/29 03:03:22.000","+2.87000E+01"
"2023/09/29 03:04:22.000","+2.87000E+01"
"2023/09/29 03:05:22.000","+2.87000E+01"
"2023/09/29 03:06:22.000","+2.88000E+01"
"2023/09/29 03:07:22.000","+2.87000E+01"
"2023/09/29 03:08:22.000","+2.87000E+01"
"2023/09/29 03:09:22.000","+2.87000E+01"
"2023/09/29 03:10:22.000","+2.87000E+01"
"2023/09/29 03:11:22.000","+2.87000E+01"
"2023/09/29 03:12:22.000","+2.88000E+01"
"2023/09/29 03:13:22.000","+2.88000E+01"
"2023/09/29 03:14:22.000","+2.88000E+01"
"2023/09/29 03:15:22.000","+2.88000E+01"
"2023/09/29 03:16:22.000","+2.87000E+01"
"2023/09/29 03:17:22.000","+2.87000E+01"
"2023/09/29 03:18:22.000","+2.88000E+01"
"2023/09/29 03:19:22.000","+2.87000E+01"
"2023/09/29 03:20:22.000","+2.88000E+01"
"2023/09/29 03:21:22.000","+2.88000E+01"
"2023/09/29 03:22:22.000","+2.87000E+01"
"2023/09/29 03:23:22.000","+2.87000E+01"
"2023/09/29 03:24:22.000","+2.87000E+01"
"2023/09/29 03:25:22.000","+2.88000E+01"
"2023/09/29 03:26:22.000","+2.88000E+01"
"2023/09/29 03:27:22.000","+2.88000E+01"
"2023/09/29 03:28:22.000","+2.87000E+01"
"2023/09/29 03:29:22.000","+2.87000E+01"
"2023/09/29 03:30:22.000","+2.88000E+01"
"2023/09/29 03:31:22.000","+2.87000E+01"
"2023/09/29 03:32:22.000","+2.87000E+01"
"2023/09/29 03:33:22.000","+2.88000E+01"
"2023/09/29 03:34:22.000","+2.87000E+01"
"2023/09/29 03:35:22.000","+2.88000E+01"
"2023/09/29 03:36:22.000","+2.87000E+01"
"2023/09/29 03:37:22.000","+2.87000E+01"
"2023/09/29 03:38:22.000","+2.87000E+01"
"2023/09/29 03:39:22.000","+2.87000E+01"
"2023/09/29 03:40:22.000","+2.87000E+01"
"2023/09/29 03:41:22.000","+2.87000E+01"
"2023/09/29 03:42:22.000","+2.87000E+01"
"2023/09/29 03:43:22.000","+2.88000E+01"
"2023/09/29 03:44:22.000","+2.87000E+01"
"2023/09/29 03:45:22.000","+2.87000E+01"
"2023/09/29 03:46:22.000","+2.88000E+01"
"2023/09/29 03:47:22.000","+2.88000E+01"
"2023/09/29 03:48:22.000","+2.87000E+01"
"2023/09/29 03:49:22.000","+2.87000E+01"
"2023/09/29 03:50:22.000","+2.88000E+01"
"2023/09/29 03:51:22.000","+2.87000E+01"
"2023/09/29 03:52:22.000","+2.87000E+01"
"2023/09/29 03:53:22.000","+2.87000E+01"
"2023/09/29 03:54:22.000","+2.87000E+01"
"2023/09/29 03:55:22.000","+2.87000E+01"
"2023/09/29 03:56:22.000","+2.88000E+01"
"2023/09/29 03:57:22.000","+2.87000E+01"
"2023/09/29 03:58:22.000","+2.88000E+01"
"2023/09/29 03:59:22.000","+2.87000E+01"
"2023/09/29 04:00:22.000","+2.87000E+01"
"2023/09/29 04:01:22.000","+2.87000E+01"
"2023/09/29 04:02:22.000","+2.87000E+01"
"2023/09/29 04:03:22.000","+2.87000E+01"
"2023/09/29 04:04:22.000","+2.88000E+01"
"2023/09/29 04:05:22.000","+2.88000E+01"
"2023/09/29 04:06:22.000","+2.87000E+01"
"2023/09/29 04:07:22.000","+2.88000E+01"
"2023/09/29 04:08:22.000","+2.88000E+01"
"2023/09/29 04:09:22.000","+2.87000E+01"
"2023/09/29 04:10:22.000","+2.88000E+01"
"2023/09/29 04:11:22.000","+2.87000E+01"
"2023/09/29 04:12:22.000","+2.87000E+01"
"2023/09/29 04:13:22.000","+2.87000E+01"
"2023/09/29 04:14:22.000","+2.87000E+01"
"2023/09/29 04:15:22.000","+2.87000E+01"
"2023/09/29 04:16:22.000","+2.88000E+01"
"2023/09/29 04:17:22.000","+2.87000E+01"
"2023/09/29 04:18:22.000","+2.88000E+01"
"2023/09/29 04:19:22.000","+2.88000E+01"
"2023/09/29 04:20:22.000","+2.87000E+01"
"2023/09/29 04:21:22.000","+2.87000E+01"
"2023/09/29 04:22:22.000","+2.87000E+01"
"2023/09/29 04:23:22.000","+2.87000E+01"
"2023/09/29 04:24:22.000","+2.87000E+01"
"2023/09/29 04:25:22.000","+2.87000E+01"
"2023/09/29 04:26:22.000","+2.87000E+01"
"2023/09/29 04:27:22.000","+2.87000E+01"
"2023/09/29 04:28:22.000","+2.87000E+01"
"2023/09/29 04:29:22.000","+2.87000E+01"
"2023/09/29 04:30:22.000","+2.87000E+01"
"2023/09/29 04:31:22.000","+2.87000E+01"
"2023/09/29 04:32:22.000","+2.87000E+01"
"2023/09/29 04:33:22.000","+2.87000E+01"
"2023/09/29 04:34:22.000","+2.87000E+01"
"2023/09/29 04:35:22.000","+2.87000E+01"
"2023/09/29 04:36:22.000","+2.87000E+01"
"2023/09/29 04:37:22.000","+2.87000E+01"
"2023/09/29 04:38:22.000","+2.87000E+01"
"2023/09/29 04:39:22.000","+2.87000E+01"
"2023/09/29 04:40:22.000","+2.88000E+01"
"2023/09/29 04:41:22.000","+2.87000E+01"
"2023/09/29 04:42:22.000","+2.87000E+01"
"2023/09/29 04:43:22.000","+2.87000E+01"
"2023/09/29 04:44:22.000","+2.87000E+01"
"2023/09/29 04:45:22.000","+2.87000E+01"
"2023/09/29 04:46:22.000","+2.87000E+01"
"2023/09/29 04:47:22.000","+2.87000E+01"
"2023/09/29 04:48:22.000","+2.87000E+01"
"2023/09/29 04:49:22.000","+2.87000E+01"
"2023/09/29 04:50:22.000","+2.87000E+01"
"2023/09/29 04:51:22.000","+2.87000E+01"
"2023/09/29 04:52:22.000","+2.87000E+01"
"2023/09/29 04:53:22.000","+2.88000E+01"
"2023/09/29 04:54:22.000","+2.87000E+01"
"2023/09/29 04:55:22.000","+2.87000E+01"
"2023/09/29 04:56:22.000","+2.87000E+01"
"2023/09/29 04:57:22.000","+2.87000E+01"
"2023/09/29 04:58:22.000","+2.87000E+01"
"2023/09/29 04:59:22.000","+2.87000E+01"
"2023/09/29 05:00:22.000","+2.87000E+01"
"2023/09/29 05:01:22.000","+2.87000E+01"
"2023/09/29 05:02:22.000","+2.87000E+01"
"2023/09/29 05:03:22.000","+2.87000E+01"
"2023/09/29 05:04:22.000","+2.87000E+01"
"2023/09/29 05:05:22.000","+2.87000E+01"
"2023/09/29 05:06:22.000","+2.87000E+01"
"2023/09/29 05:07:22.000","+2.87000E+01"
"2023/09/29 05:08:22.000","+2.87000E+01"
"2023/09/29 05:09:22.000","+2.87000E+01"
"2023/09/29 05:10:22.000","+2.87000E+01"
"2023/09/29 05:11:22.000","+2.87000E+01"
"2023/09/29 05:12:22.000","+2.87000E+01"
"2023/09/29 05:13:22.000","+2.87000E+01"
"2023/09/29 05:14:22.000","+2.87000E+01"
"2023/09/29 05:15:22.000","+2.87000E+01"
"2023/09/29 05:16:22.000","+2.87000E+01"
"2023/09/29 05:17:22.000","+2.87000E+01"
"2023/09/29 05:18:22.000","+2.87000E+01"
"2023/09/29 05:19:22.000","+2.87000E+01"
"2023/09/29 05:20:22.000","+2.87000E+01"
"2023/09/29 05:21:22.000","+2.87000E+01"
"2023/09/29 05:22:22.000","+2.87000E+01"
"2023/09/29 05:23:22.000","+2.87000E+01"
"2023/09/29 05:24:22.000","+2.87000E+01"
"2023/09/29 05:25:22.000","+2.87000E+01"
"2023/09/29 05:26:22.000","+2.87000E+01"
"2023/09/29 05:27:22.000","+2.87000E+01"
"2023/09/29 05:28:22.000","+2.87000E+01"
"2023/09/29 05:29:22.000","+2.87000E+01"
"2023/09/29 05:30:22.000","+2.87000E+01"
"2023/09/29 05:31:22.000","+2.87000E+01"
"2023/09/29 05:32:22.000","+2.87000E+01"
"2023/09/29 05:33:22.000","+2.87000E+01"
"2023/09/29 05:34:22.000","+2.87000E+01"
"2023/09/29 05:35:22.000","+2.87000E+01"
"2023/09/29 05:36:22.000","+2.87000E+01"
"2023/09/29 05:37:22.000","+2.87000E+01"
"2023/09/29 05:38:22.000","+2.87000E+01"
"2023/09/29 05:39:22.000","+2.87000E+01"
"2023/09/29 05:40:22.000","+2.87000E+01"
"2023/09/29 05:41:22.000","+2.87000E+01"
"2023/09/29 05:42:22.000","+2.87000E+01"
"2023/09/29 05:43:22.000","+2.87000E+01"
"2023/09/29 05:44:22.000","+2.87000E+01"
"2023/09/29 05:45:22.000","+2.87000E+01"
"2023/09/29 05:46:22.000","+2.87000E+01"
"2023/09/29 05:47:22.000","+2.87000E+01"
"2023/09/29 05:48:22.000","+2.87000E+01"
"2023/09/29 05:49:22.000","+2.87000E+01"
"2023/09/29 05:50:22.000","+2.87000E+01"
"2023/09/29 05:51:22.000","+2.87000E+01"
"2023/09/29 05:52:22.000","+2.87000E+01"
"2023/09/29 05:53:22.000","+2.87000E+01"
"2023/09/29 05:54:22.000","+2.87000E+01"
"2023/09/29 05:55:22.000","+2.87000E+01"
"2023/09/29 05:56:22.000","+2.87000E+01"
"2023/09/29 05:57:22.000","+2.87000E+01"
"2023/09/29 05:58:22.000","+2.87000E+01"
"2023/09/29 05:59:22.000","+2.87000E+01"
"2023/09/29 06:00:22.000","+2.87000E+01"
"2023/09/29 06:01:22.000","+2.87000E+01"
"2023/09/29 06:02:22.000","+2.87000E+01"
"2023/09/29 06:03:22.000","+2.87000E+01"
"2023/09/29 06:04:22.000","+2.87000E+01"
"2023/09/29 06:05:22.000","+2.87000E+01"
"2023/09/29 06:06:22.000","+2.87000E+01"
"2023/09/29 06:07:22.000","+2.87000E+01"
"2023/09/29 06:08:22.000","+2.87000E+01"
"2023/09/29 06:09:22.000","+2.87000E+01"
"2023/09/29 06:10:22.000","+2.87000E+01"
"2023/09/29 06:11:22.000","+2.87000E+01"
"2023/09/29 06:12:22.000","+2.87000E+01"
"2023/09/29 06:13:22.000","+2.87000E+01"
"2023/09/29 06:14:22.000","+2.87000E+01"
"2023/09/29 06:15:22.000","+2.87000E+01"
"2023/09/29 06:16:22.000","+2.87000E+01"
"2023/09/29 06:17:22.000","+2.87000E+01"
"2023/09/29 06:18:22.000","+2.87000E+01"
"2023/09/29 06:19:22.000","+2.87000E+01"
"2023/09/29 06:20:22.000","+2.87000E+01"
"2023/09/29 06:21:22.000","+2.87000E+01"
"2023/09/29 06:22:22.000","+2.87000E+01"
"2023/09/29 06:23:22.000","+2.87000E+01"
"2023/09/29 06:24:22.000","+2.87000E+01"
"2023/09/29 06:25:22.000","+2.87000E+01"
"2023/09/29 06:26:22.000","+2.87000E+01"
"2023/09/29 06:27:22.000","+2.87000E+01"
"2023/09/29 06:28:22.000","+2.87000E+01"
"2023/09/29 06:29:22.000","+2.87000E+01"
"2023/09/29 06:30:22.000","+2.87000E+01"
"2023/09/29 06:31:22.000","+2.87000E+01"
"2023/09/29 06:32:22.000","+2.87000E+01"
"2023/09/29 06:33:22.000","+2.87000E+01"
"2023/09/29 06:34:22.000","+2.87000E+01"
"2023/09/29 06:35:22.000","+2.87000E+01"
"2023/09/29 06:36:22.000","+2.87000E+01"
"2023/09/29 06:37:22.000","+2.87000E+01"
"2023/09/29 06:38:22.000","+2.87000E+01"
"2023/09/29 06:39:22.000","+2.87000E+01"
"2023/09/29 06:40:22.000","+2.87000E+01"
"2023/09/29 06:41:22.000","+2.87000E+01"
"2023/09/29 06:42:22.000","+2.87000E+01"
"2023/09/29 06:43:22.000","+2.87000E+01"
"2023/09/29 06:44:22.000","+2.87000E+01"
"2023/09/29 06:45:22.000","+2.87000E+01"
"2023/09/29 06:46:22.000","+2.86000E+01"
"2023/09/29 06:47:22.000","+2.87000E+01"
"2023/09/29 06:48:22.000","+2.87000E+01"
"2023/09/29 06:49:22.000","+2.87000E+01"
"2023/09/29 06:50:22.000","+2.87000E+01"
"2023/09/29 06:51:22.000","+2.87000E+01"
"2023/09/29 06:52:22.000","+2.86000E+01"
"2023/09/29 06:53:22.000","+2.87000E+01"
"2023/09/29 06:54:22.000","+2.87000E+01"
"2023/09/29 06:55:22.000","+2.87000E+01"
"2023/09/29 06:56:22.000","+2.87000E+01"
"2023/09/29 06:57:22.000","+2.87000E+01"
"2023/09/29 06:58:22.000","+2.87000E+01"
"2023/09/29 06:59:22.000","+2.87000E+01"
"2023/09/29 07:00:22.000","+2.87000E+01"
"2023/09/29 07:01:22.000","+2.86000E+01"
"2023/09/29 07:02:22.000","+2.87000E+01"
"2023/09/29 07:03:22.000","+2.87000E+01"
"2023/09/29 07:04:22.000","+2.87000E+01"
"2023/09/29 07:05:22.000","+2.87000E+01"
"2023/09/29 07:06:22.000","+2.87000E+01"
"2023/09/29 07:07:22.000","+2.87000E+01"
"2023/09/29 07:08:22.000","+2.87000E+01"
"2023/09/29 07:09:22.000","+2.87000E+01"
"2023/09/29 07:10:22.000","+2.87000E+01"
"2023/09/29 07:11:22.000","+2.87000E+01"
"2023/09/29 07:12:22.000","+2.87000E+01"
"2023/09/29 07:13:22.000","+2.87000E+01"
"2023/09/29 07:14:22.000","+2.87000E+01"
"2023/09/29 07:15:22.000","+2.87000E+01"
"2023/09/29 07:16:22.000","+2.87000E+01"
"2023/09/29 07:17:22.000","+2.87000E+01"
"2023/09/29 07:18:22.000","+2.87000E+01"
"2023/09/29 07:19:22.000","+2.87000E+01"
"2023/09/29 07:20:22.000","+2.87000E+01"
"2023/09/29 07:21:22.000","+2.87000E+01"
"2023/09/29 07:22:22.000","+2.87000E+01"
"2023/09/29 07:23:22.000","+2.87000E+01"
"2023/09/29 07:24:22.000","+2.87000E+01"
"2023/09/29 07:25:22.000","+2.87000E+01"
"2023/09/29 07:26:22.000","+2.87000E+01"
"2023/09/29 07:27:22.000","+2.87000E+01"
"2023/09/29 07:28:22.000","+2.87000E+01"
"2023/09/29 07:29:22.000","+2.87000E+01"
"2023/09/29 07:30:22.000","+2.87000E+01"
"2023/09/29 07:31:22.000","+2.87000E+01"
"2023/09/29 07:32:22.000","+2.87000E+01"
"2023/09/29 07:33:22.000","+2.87000E+01"
"2023/09/29 07:34:22.000","+2.87000E+01"
"2023/09/29 07:35:22.000","+2.87000E+01"
"2023/09/29 07:36:22.000","+2.87000E+01"
"2023/09/29 07:37:22.000","+2.87000E+01"
"2023/09/29 07:38:22.000","+2.87000E+01"
"2023/09/29 07:39:22.000","+2.86000E+01"
"2023/09/29 07:40:22.000","+2.86000E+01"
"2023/09/29 07:41:22.000","+2.85000E+01"
"2023/09/29 07:42:22.000","+2.85000E+01"
"2023/09/29 07:43:22.000","+2.84000E+01"
"2023/09/29 07:44:22.000","+2.83000E+01"
"2023/09/29 07:45:22.000","+2.83000E+01"
"2023/09/29 07:46:22.000","+2.82000E+01"
"2023/09/29 07:47:22.000","+2.81000E+01"
"2023/09/29 07:48:22.000","+2.81000E+01"
"2023/09/29 07:49:22.000","+2.80000E+01"
"2023/09/29 07:50:22.000","+2.79000E+01"
"2023/09/29 07:51:22.000","+2.79000E+01"
"2023/09/29 07:52:22.000","+2.79000E+01"
"2023/09/29 07:53:22.000","+2.78000E+01"
"2023/09/29 07:54:22.000","+2.78000E+01"
"2023/09/29 07:55:22.000","+2.78000E+01"
"2023/09/29 07:56:22.000","+2.77000E+01"
"2023/09/29 07:57:22.000","+2.77000E+01"
"2023/09/29 07:58:22.000","+2.76000E+01"
"2023/09/29 07:59:22.000","+2.76000E+01"
"2023/09/29 08:00:22.000","+2.76000E+01"
"2023/09/29 08:01:22.000","+2.76000E+01"
"2023/09/29 08:02:22.000","+2.76000E+01"
"2023/09/29 08:03:22.000","+2.76000E+01"
"2023/09/29 08:04:22.000","+2.76000E+01"
"2023/09/29 08:05:22.000","+2.76000E+01"
"2023/09/29 08:06:22.000","+2.76000E+01"
"2023/09/29 08:07:22.000","+2.76000E+01"
"2023/09/29 08:08:22.000","+2.76000E+01"
"2023/09/29 08:09:22.000","+2.76000E+01"
"2023/09/29 08:10:22.000","+2.76000E+01"
"2023/09/29 08:11:22.000","+2.76000E+01"
"2023/09/29 08:12:22.000","+2.76000E+01"
"2023/09/29 08:13:22.000","+2.76000E+01"
"2023/09/29 08:14:22.000","+2.76000E+01"
"2023/09/29 08:15:22.000","+2.76000E+01"
"2023/09/29 08:16:22.000","+2.75000E+01"
"2023/09/29 08:17:22.000","+2.75000E+01"
"2023/09/29 08:18:22.000","+2.75000E+01"
"2023/09/29 08:19:22.000","+2.75000E+01"
"2023/09/29 08:20:22.000","+2.74000E+01"
"2023/09/29 08:21:22.000","+2.74000E+01"
"2023/09/29 08:22:22.000","+2.75000E+01"
"2023/09/29 08:23:22.000","+2.75000E+01"
"2023/09/29 08:24:22.000","+2.77000E+01"
"2023/09/29 08:25:22.000","+2.77000E+01"
"2023/09/29 08:26:22.000","+2.78000E+01"
"2023/09/29 08:27:22.000","+2.78000E+01"
"2023/09/29 08:28:22.000","+2.78000E+01"
"2023/09/29 08:29:22.000","+2.77000E+01"
"2023/09/29 08:30:22.000","+2.77000E+01"
"2023/09/29 08:31:22.000","+2.77000E+01"
"2023/09/29 08:32:22.000","+2.78000E+01"
"2023/09/29 08:33:22.000","+2.78000E+01"
"2023/09/29 08:34:22.000","+2.77000E+01"
"2023/09/29 08:35:22.000","+2.77000E+01"
"2023/09/29 08:36:22.000","+2.76000E+01"
"2023/09/29 08:37:22.000","+2.76000E+01"
"2023/09/29 08:38:22.000","+2.77000E+01"
"2023/09/29 08:39:22.000","+2.77000E+01"
"2023/09/29 08:40:22.000","+2.77000E+01"
"2023/09/29 08:41:22.000","+2.77000E+01"
"2023/09/29 08:42:22.000","+2.76000E+01"
"2023/09/29 08:43:22.000","+2.75000E+01"
"2023/09/29 08:44:22.000","+2.74000E+01"
"2023/09/29 08:45:22.000","+2.74000E+01"
"2023/09/29 08:46:22.000","+2.74000E+01"
"2023/09/29 08:47:22.000","+2.73000E+01"
"2023/09/29 08:48:22.000","+2.73000E+01"
"2023/09/29 08:49:22.000","+2.71000E+01"
"2023/09/29 08:50:22.000","+2.71000E+01"
"2023/09/29 08:51:22.000","+2.71000E+01"
"2023/09/29 08:52:22.000","+2.71000E+01"
"2023/09/29 08:53:22.000","+2.70000E+01"
"2023/09/29 08:54:22.000","+2.70000E+01"
"2023/09/29 08:55:22.000","+2.69000E+01"
"2023/09/29 08:56:22.000","+2.69000E+01"
"2023/09/29 08:57:22.000","+2.69000E+01"
"2023/09/29 08:58:22.000","+2.69000E+01"
"2023/09/29 08:59:22.000","+2.68000E+01"
"2023/09/29 09:00:22.000","+2.67000E+01"
"2023/09/29 09:01:22.000","+2.66000E+01"
"2023/09/29 09:02:22.000","+2.65000E+01"
"2023/09/29 09:03:22.000","+2.65000E+01"
"2023/09/29 09:04:22.000","+2.65000E+01"
"2023/09/29 09:05:22.000","+2.64000E+01"
"2023/09/29 09:06:22.000","+2.63000E+01"
"2023/09/29 09:07:22.000","+2.63000E+01"
"2023/09/29 09:08:22.000","+2.62000E+01"
"2023/09/29 09:09:22.000","+2.63000E+01"
"2023/09/29 09:10:22.000","+2.63000E+01"
"2023/09/29 09:11:22.000","+2.63000E+01"
"2023/09/29 09:12:22.000","+2.63000E+01"
"2023/09/29 09:13:22.000","+2.63000E+01"
"2023/09/29 09:14:22.000","+2.62000E+01"
"2023/09/29 09:15:22.000","+2.62000E+01"
"2023/09/29 09:16:22.000","+2.61000E+01"
"2023/09/29 09:17:22.000","+2.61000E+01"
"2023/09/29 09:18:22.000","+2.61000E+01"
"2023/09/29 09:19:22.000","+2.61000E+01"
"2023/09/29 09:20:22.000","+2.61000E+01"
"2023/09/29 09:21:22.000","+2.62000E+01"
"2023/09/29 09:22:22.000","+2.62000E+01"
"2023/09/29 09:23:22.000","+2.62000E+01"
"2023/09/29 09:24:22.000","+2.62000E+01"
"2023/09/29 09:25:22.000","+2.62000E+01"
"2023/09/29 09:26:22.000","+2.63000E+01"
"2023/09/29 09:27:22.000","+2.63000E+01"
"2023/09/29 09:28:22.000","+2.63000E+01"
"2023/09/29 09:29:22.000","+2.63000E+01"
"2023/09/29 09:30:22.000","+2.63000E+01"
"2023/09/29 09:31:22.000","+2.63000E+01"
"2023/09/29 09:32:22.000","+2.63000E+01"
"2023/09/29 09:33:22.000","+2.64000E+01"
"2023/09/29 09:34:22.000","+2.67000E+01"
"2023/09/29 09:35:22.000","+2.69000E+01"
"2023/09/29 09:36:22.000","+2.72000E+01"
"2023/09/29 09:37:22.000","+2.74000E+01"
"2023/09/29 09:38:22.000","+2.75000E+01"
"2023/09/29 09:39:22.000","+2.77000E+01"
"2023/09/29 09:40:22.000","+2.78000E+01"
"2023/09/29 09:41:22.000","+2.79000E+01"
"2023/09/29 09:42:22.000","+2.80000E+01"
"2023/09/29 09:43:22.000","+2.80000E+01"
"2023/09/29 09:44:22.000","+2.81000E+01"
"2023/09/29 09:45:22.000","+2.82000E+01"
"2023/09/29 09:46:22.000","+2.82000E+01"
"2023/09/29 09:47:22.000","+2.83000E+01"
"2023/09/29 09:48:22.000","+2.83000E+01"
"2023/09/29 09:49:22.000","+2.84000E+01"
"2023/09/29 09:50:22.000","+2.84000E+01"
"2023/09/29 09:51:22.000","+2.85000E+01"
"2023/09/29 09:52:22.000","+2.85000E+01"
"2023/09/29 09:53:22.000","+2.85000E+01"
"2023/09/29 09:54:22.000","+2.86000E+01"
"2023/09/29 09:55:22.000","+2.86000E+01"
"2023/09/29 09:56:22.000","+2.86000E+01"
"2023/09/29 09:57:22.000","+2.87000E+01"
"2023/09/29 09:58:22.000","+2.87000E+01"
"2023/09/29 09:59:22.000","+2.87000E+01"
"2023/09/29 10:00:22.000","+2.88000E+01"
"2023/09/29 10:01:22.000","+2.88000E+01"
"2023/09/29 10:02:22.000","+2.88000E+01"
"2023/09/29 10:03:22.000","+2.88000E+01"
"2023/09/29 10:04:22.000","+2.89000E+01"
"2023/09/29 10:05:22.000","+2.89000E+01"
"2023/09/29 10:06:22.000","+2.89000E+01"
"2023/09/29 10:07:22.000","+2.90000E+01"
"2023/09/29 10:08:22.000","+2.90000E+01"
"2023/09/29 10:09:22.000","+2.90000E+01"
"2023/09/29 10:10:22.000","+2.90000E+01"
"2023/09/29 10:11:22.000","+2.91000E+01"
"2023/09/29 10:12:22.000","+2.91000E+01"
"2023/09/29 10:13:22.000","+2.91000E+01"
"2023/09/29 10:14:22.000","+2.91000E+01"
"2023/09/29 10:15:22.000","+2.91000E+01"
"2023/09/29 10:16:22.000","+2.91000E+01"
"2023/09/29 10:17:22.000","+2.92000E+01"
"2023/09/29 10:18:22.000","+2.92000E+01"
"2023/09/29 10:19:22.000","+2.92000E+01"
"2023/09/29 10:20:22.000","+2.93000E+01"
"2023/09/29 10:21:22.000","+2.93000E+01"
"2023/09/29 10:22:22.000","+2.93000E+01"
"2023/09/29 10:23:22.000","+2.93000E+01"
"2023/09/29 10:24:22.000","+2.93000E+01"
"2023/09/29 10:25:22.000","+2.93000E+01"
"2023/09/29 10:26:22.000","+2.93000E+01"
"2023/09/29 10:27:22.000","+2.94000E+01"
"2023/09/29 10:28:22.000","+2.94000E+01"
"2023/09/29 10:29:22.000","+2.94000E+01"
"2023/09/29 10:30:22.000","+2.94000E+01"
"2023/09/29 10:31:22.000","+2.94000E+01"
"2023/09/29 10:32:22.000","+2.94000E+01"
"2023/09/29 10:33:22.000","+2.95000E+01"
"2023/09/29 10:34:22.000","+2.95000E+01"
"2023/09/29 10:35:22.000","+2.94000E+01"
"2023/09/29 10:36:22.000","+2.95000E+01"
"2023/09/29 10:37:22.000","+2.95000E+01"
"2023/09/29 10:38:22.000","+2.95000E+01"
"2023/09/29 10:39:22.000","+2.95000E+01"
"2023/09/29 10:40:22.000","+2.96000E+01"
"2023/09/29 10:41:22.000","+2.95000E+01"
"2023/09/29 10:42:22.000","+2.96000E+01"
"2023/09/29 10:43:22.000","+2.95000E+01"
"2023/09/29 10:44:22.000","+2.96000E+01"
"2023/09/29 10:45:22.000","+2.96000E+01"
"2023/09/29 10:46:22.000","+2.96000E+01"
"2023/09/29 10:47:22.000","+2.96000E+01"
"2023/09/29 10:48:22.000","+2.96000E+01"
"2023/09/29 10:49:22.000","+2.96000E+01"
"2023/09/29 10:50:22.000","+2.96000E+01"
"2023/09/29 10:51:22.000","+2.96000E+01"
"2023/09/29 10:52:22.000","+2.96000E+01"
"2023/09/29 10:53:22.000","+2.96000E+01"
"2023/09/29 10:54:22.000","+2.97000E+01"
"2023/09/29 10:55:22.000","+2.97000E+01"
"2023/09/29 10:56:22.000","+2.97000E+01"
"2023/09/29 10:57:22.000","+2.97000E+01"
"2023/09/29 10:58:22.000","+2.97000E+01"
"2023/09/29 10:59:22.000","+2.97000E+01"
"2023/09/29 11:00:22.000","+2.97000E+01"
"2023/09/29 11:01:22.000","+2.98000E+01"
"2023/09/29 11:02:22.000","+2.96000E+01"
"2023/09/29 11:03:22.000","+2.94000E+01"
"2023/09/29 11:04:22.000","+2.92000E+01"
"2023/09/29 11:05:22.000","+2.89000E+01"
"2023/09/29 11:06:22.000","+2.87000E+01"
"2023/09/29 11:07:22.000","+2.85000E+01"
"2023/09/29 11:08:22.000","+2.84000E+01"
"2023/09/29 11:09:22.000","+2.82000E+01"
"2023/09/29 11:10:22.000","+2.81000E+01"
"2023/09/29 11:11:22.000","+2.80000E+01"
"2023/09/29 11:12:22.000","+2.78000E+01"
"2023/09/29 11:13:22.000","+2.77000E+01"
"2023/09/29 11:14:22.000","+2.76000E+01"
"2023/09/29 11:15:22.000","+2.75000E+01"
"2023/09/29 11:16:22.000","+2.75000E+01"
"2023/09/29 11:17:22.000","+2.74000E+01"
"2023/09/29 11:18:22.000","+2.73000E+01"
"2023/09/29 11:19:22.000","+2.72000E+01"
"2023/09/29 11:20:22.000","+2.71000E+01"
"2023/09/29 11:21:22.000","+2.70000E+01"
"2023/09/29 11:22:22.000","+2.70000E+01"
"2023/09/29 11:23:22.000","+2.69000E+01"
"2023/09/29 11:24:22.000","+2.68000E+01"
"2023/09/29 11:25:22.000","+2.67000E+01"
"2023/09/29 11:26:22.000","+2.67000E+01"
"2023/09/29 11:27:22.000","+2.66000E+01"
"2023/09/29 11:28:22.000","+2.66000E+01"
"2023/09/29 11:29:22.000","+2.65000E+01"
"2023/09/29 11:30:22.000","+2.65000E+01"
"2023/09/29 11:31:22.000","+2.65000E+01"
"2023/09/29 11:32:22.000","+2.64000E+01"
"2023/09/29 11:33:22.000","+2.63000E+01"
"2023/09/29 11:34:22.000","+2.63000E+01"
"2023/09/29 11:35:22.000","+2.63000E+01"
"2023/09/29 11:36:22.000","+2.62000E+01"
"2023/09/29 11:37:22.000","+2.62000E+01"
"2023/09/29 11:38:22.000","+2.62000E+01"
"2023/09/29 11:39:22.000","+2.63000E+01"
"2023/09/29 11:40:22.000","+2.63000E+01"
"2023/09/29 11:41:22.000","+2.63000E+01"
"2023/09/29 11:42:22.000","+2.63000E+01"
"2023/09/29 11:43:22.000","+2.62000E+01"
"2023/09/29 11:44:22.000","+2.62000E+01"
"2023/09/29 11:45:22.000","+2.62000E+01"
"2023/09/29 11:46:22.000","+2.62000E+01"
"2023/09/29 11:47:22.000","+2.62000E+01"
"2023/09/29 11:48:22.000","+2.62000E+01"
"2023/09/29 11:49:22.000","+2.62000E+01"
"2023/09/29 11:50:22.000","+2.62000E+01"
"2023/09/29 11:51:22.000","+2.62000E+01"
"2023/09/29 11:52:22.000","+2.62000E+01"
"2023/09/29 11:53:22.000","+2.63000E+01"
"2023/09/29 11:54:22.000","+2.63000E+01"
"2023/09/29 11:55:22.000","+2.64000E+01"
"2023/09/29 11:56:22.000","+2.63000E+01"
"2023/09/29 11:57:22.000","+2.63000E+01"
"2023/09/29 11:58:22.000","+2.63000E+01"
"2023/09/29 11:59:22.000","+2.62000E+01"
"2023/09/29 12:00:22.000","+2.62000E+01"
"2023/09/29 12:01:22.000","+2.63000E+01"
"2023/09/29 12:02:22.000","+2.62000E+01"
"2023/09/29 12:03:22.000","+2.63000E+01"
"2023/09/29 12:04:22.000","+2.63000E+01"
"2023/09/29 12:05:22.000","+2.63000E+01"
"2023/09/29 12:06:22.000","+2.63000E+01"
"2023/09/29 12:07:22.000","+2.64000E+01"
"2023/09/29 12:08:22.000","+2.64000E+01"
"2023/09/29 12:09:22.000","+2.64000E+01"
"2023/09/29 12:10:22.000","+2.64000E+01"
"2023/09/29 12:11:22.000","+2.63000E+01"
"2023/09/29 12:12:22.000","+2.64000E+01"
"2023/09/29 12:13:22.000","+2.64000E+01"
"2023/09/29 12:14:22.000","+2.63000E+01"
"2023/09/29 12:15:22.000","+2.63000E+01"
"2023/09/29 12:16:22.000","+2.63000E+01"
"2023/09/29 12:17:22.000","+2.63000E+01"
"2023/09/29 12:18:22.000","+2.64000E+01"
"2023/09/29 12:19:22.000","+2.64000E+01"
"2023/09/29 12:20:22.000","+2.64000E+01"
"2023/09/29 12:21:22.000","+2.64000E+01"
"2023/09/29 12:22:22.000","+2.64000E+01"
"2023/09/29 12:23:22.000","+2.64000E+01"
"2023/09/29 12:24:22.000","+2.65000E+01"
"2023/09/29 12:25:22.000","+2.65000E+01"
"2023/09/29 12:26:22.000","+2.65000E+01"
"2023/09/29 12:27:22.000","+2.65000E+01"
"2023/09/29 12:28:22.000","+2.65000E+01"
"2023/09/29 12:29:22.000","+2.65000E+01"
"2023/09/29 12:30:22.000","+2.65000E+01"
"2023/09/29 12:31:22.000","+2.65000E+01"
"2023/09/29 12:32:22.000","+2.65000E+01"
"2023/09/29 12:33:22.000","+2.65000E+01"
"2023/09/29 12:34:22.000","+2.65000E+01"
"2023/09/29 12:35:22.000","+2.65000E+01"
"2023/09/29 12:36:22.000","+2.66000E+01"
"2023/09/29 12:37:22.000","+2.65000E+01"
"2023/09/29 12:38:22.000","+2.65000E+01"
"2023/09/29 12:39:22.000","+2.66000E+01"
"2023/09/29 12:40:22.000","+2.65000E+01"
"2023/09/29 12:41:22.000","+2.66000E+01"
"2023/09/29 12:42:22.000","+2.66000E+01"
"2023/09/29 12:43:22.000","+2.66000E+01"
"2023/09/29 12:44:22.000","+2.66000E+01"
"2023/09/29 12:45:22.000","+2.66000E+01"
"2023/09/29 12:46:22.000","+2.66000E+01"
"2023/09/29 12:47:22.000","+2.66000E+01"
"2023/09/29 12:48:22.000","+2.66000E+01"
"2023/09/29 12:49:22.000","+2.67000E+01"
"2023/09/29 12:50:22.000","+2.68000E+01"
"2023/09/29 12:51:22.000","+2.68000E+01"
"2023/09/29 12:52:22.000","+2.69000E+01"
"2023/09/29 12:53:22.000","+2.69000E+01"
"2023/09/29 12:54:22.000","+2.69000E+01"
"2023/09/29 12:55:22.000","+2.69000E+01"
"2023/09/29 12:56:22.000","+2.69000E+01"
"2023/09/29 12:57:22.000","+2.69000E+01"
"2023/09/29 12:58:22.000","+2.69000E+01"
"2023/09/29 12:59:22.000","+2.69000E+01"
"2023/09/29 13:00:22.000","+2.69000E+01"
"2023/09/29 13:01:22.000","+2.69000E+01"
"2023/09/29 13:02:22.000","+2.69000E+01"
"2023/09/29 13:03:22.000","+2.68000E+01"
"2023/09/29 13:04:22.000","+2.68000E+01"
"2023/09/29 13:05:22.000","+2.67000E+01"
"2023/09/29 13:06:22.000","+2.67000E+01"
"2023/09/29 13:07:22.000","+2.67000E+01"
"2023/09/29 13:08:22.000","+2.67000E+01"
"2023/09/29 13:09:22.000","+2.66000E+01"
"2023/09/29 13:10:22.000","+2.66000E+01"
"2023/09/29 13:11:22.000","+2.67000E+01"
"2023/09/29 13:12:22.000","+2.68000E+01"
"2023/09/29 13:13:22.000","+2.68000E+01"
"2023/09/29 13:14:22.000","+2.68000E+01"
"2023/09/29 13:15:22.000","+2.69000E+01"
"2023/09/29 13:16:22.000","+2.68000E+01"
"2023/09/29 13:17:22.000","+2.68000E+01"
"2023/09/29 13:18:22.000","+2.68000E+01"
"2023/09/29 13:19:22.000","+2.68000E+01"
"2023/09/29 13:20:22.000","+2.68000E+01"
"2023/09/29 13:21:22.000","+2.69000E+01"
"2023/09/29 13:22:22.000","+2.68000E+01"
"2023/09/29 13:23:22.000","+2.68000E+01"
"2023/09/29 13:24:22.000","+2.68000E+01"
"2023/09/29 13:25:22.000","+2.68000E+01"
"2023/09/29 13:26:22.000","+2.69000E+01"
"2023/09/29 13:27:22.000","+2.69000E+01"
"2023/09/29 13:28:22.000","+2.69000E+01"
"2023/09/29 13:29:22.000","+2.69000E+01"
"2023/09/29 13:30:22.000","+2.69000E+01"
"2023/09/29 13:31:22.000","+2.69000E+01"
"2023/09/29 13:32:22.000","+2.71000E+01"
"2023/09/29 13:33:22.000","+2.73000E+01"
"2023/09/29 13:34:22.000","+2.75000E+01"
"2023/09/29 13:35:22.000","+2.78000E+01"
"2023/09/29 13:36:22.000","+2.81000E+01"
"2023/09/29 13:37:22.000","+2.83000E+01"
"2023/09/29 13:38:22.000","+2.84000E+01"
"2023/09/29 13:39:22.000","+2.85000E+01"
"2023/09/29 13:40:22.000","+2.86000E+01"
"2023/09/29 13:41:22.000","+2.87000E+01"
"2023/09/29 13:42:22.000","+2.88000E+01"
"2023/09/29 13:43:22.000","+2.89000E+01"
"2023/09/29 13:44:22.000","+2.89000E+01"
"2023/09/29 13:45:22.000","+2.89000E+01"
"2023/09/29 13:46:22.000","+2.90000E+01"
"2023/09/29 13:47:22.000","+2.90000E+01"
"2023/09/29 13:48:22.000","+2.91000E+01"
"2023/09/29 13:49:22.000","+2.91000E+01"
"2023/09/29 13:50:22.000","+2.92000E+01"
"2023/09/29 13:51:22.000","+2.92000E+01"
"2023/09/29 13:52:22.000","+2.93000E+01"
"2023/09/29 13:53:22.000","+2.93000E+01"
"2023/09/29 13:54:22.000","+2.94000E+01"
"2023/09/29 13:55:22.000","+2.94000E+01"
"2023/09/29 13:56:22.000","+2.94000E+01"
"2023/09/29 13:57:22.000","+2.94000E+01"
"2023/09/29 13:58:22.000","+2.95000E+01"
"2023/09/29 13:59:22.000","+2.95000E+01"
"2023/09/29 14:00:22.000","+2.95000E+01"
"2023/09/29 14:01:22.000","+2.95000E+01"
"2023/09/29 14:02:22.000","+2.96000E+01"
"2023/09/29 14:03:22.000","+2.96000E+01"
"2023/09/29 14:04:22.000","+2.96000E+01"
"2023/09/29 14:05:22.000","+2.96000E+01"
"2023/09/29 14:06:22.000","+2.96000E+01"
"2023/09/29 14:07:22.000","+2.96000E+01"
"2023/09/29 14:08:22.000","+2.96000E+01"
"2023/09/29 14:09:22.000","+2.97000E+01"
"2023/09/29 14:10:22.000","+2.97000E+01"
"2023/09/29 14:11:22.000","+2.97000E+01"
"2023/09/29 14:12:22.000","+2.96000E+01"
"2023/09/29 14:13:22.000","+2.96000E+01"
"2023/09/29 14:14:22.000","+2.96000E+01"
"2023/09/29 14:15:22.000","+2.97000E+01"
"2023/09/29 14:16:22.000","+2.97000E+01"
"2023/09/29 14:17:22.000","+2.97000E+01"
"2023/09/29 14:18:22.000","+2.97000E+01"
"2023/09/29 14:19:22.000","+2.97000E+01"
"2023/09/29 14:20:22.000","+2.98000E+01"
"2023/09/29 14:21:22.000","+2.98000E+01"
"2023/09/29 14:22:22.000","+2.98000E+01"
"2023/09/29 14:23:22.000","+2.98000E+01"
"2023/09/29 14:24:22.000","+2.98000E+01"
"2023/09/29 14:25:22.000","+2.98000E+01"
"2023/09/29 14:26:22.000","+2.98000E+01"
"2023/09/29 14:27:22.000","+2.98000E+01"
"2023/09/29 14:28:22.000","+2.98000E+01"
"2023/09/29 14:29:22.000","+2.98000E+01"
"2023/09/29 14:30:22.000","+2.98000E+01"
"2023/09/29 14:31:22.000","+2.98000E+01"
"2023/09/29 14:32:22.000","+2.98000E+01"
"2023/09/29 14:33:22.000","+2.98000E+01"
"2023/09/29 14:34:22.000","+2.98000E+01"
"2023/09/29 14:35:22.000","+2.98000E+01"
"2023/09/29 14:36:22.000","+2.98000E+01"
"2023/09/29 14:37:22.000","+2.98000E+01"
"2023/09/29 14:38:22.000","+2.98000E+01"
"2023/09/29 14:39:22.000","+2.98000E+01"
"2023/09/29 14:40:22.000","+2.98000E+01"
"2023/09/29 14:41:22.000","+2.98000E+01"
"2023/09/29 14:42:22.000","+2.98000E+01"
"2023/09/29 14:43:22.000","+2.98000E+01"
"2023/09/29 14:44:22.000","+2.98000E+01"
"2023/09/29 14:45:22.000","+2.98000E+01"
"2023/09/29 14:46:22.000","+2.99000E+01"
"2023/09/29 14:47:22.000","+2.99000E+01"
"2023/09/29 14:48:22.000","+2.99000E+01"
"2023/09/29 14:49:22.000","+2.99000E+01"
"2023/09/29 14:50:22.000","+2.99000E+01"
"2023/09/29 14:51:22.000","+2.99000E+01"
"2023/09/29 14:52:22.000","+2.99000E+01"
"2023/09/29 14:53:22.000","+2.99000E+01"
"2023/09/29 14:54:22.000","+2.99000E+01"
"2023/09/29 14:55:22.000","+2.99000E+01"
"2023/09/29 14:56:22.000","+2.99000E+01"
"2023/09/29 14:57:22.000","+3.00000E+01"
"2023/09/29 14:58:22.000","+3.00000E+01"
"2023/09/29 14:59:22.000","+2.99000E+01"
"2023/09/29 15:00:22.000","+3.00000E+01"
"2023/09/29 15:01:22.000","+2.99000E+01"
"2023/09/29 15:02:22.000","+2.98000E+01"
"2023/09/29 15:03:22.000","+2.96000E+01"
"2023/09/29 15:04:22.000","+2.94000E+01"
"2023/09/29 15:05:22.000","+2.91000E+01"
"2023/09/29 15:06:22.000","+2.89000E+01"
"2023/09/29 15:07:22.000","+2.87000E+01"
"2023/09/29 15:08:22.000","+2.85000E+01"
"2023/09/29 15:09:22.000","+2.84000E+01"
"2023/09/29 15:10:22.000","+2.82000E+01"
"2023/09/29 15:11:22.000","+2.81000E+01"
"2023/09/29 15:12:22.000","+2.80000E+01"
"2023/09/29 15:13:22.000","+2.79000E+01"
"2023/09/29 15:14:22.000","+2.78000E+01"
"2023/09/29 15:15:22.000","+2.77000E+01"
"2023/09/29 15:16:22.000","+2.77000E+01"
"2023/09/29 15:17:22.000","+2.76000E+01"
"2023/09/29 15:18:22.000","+2.76000E+01"
"2023/09/29 15:19:22.000","+2.75000E+01"
"2023/09/29 15:20:22.000","+2.75000E+01"
"2023/09/29 15:21:22.000","+2.74000E+01"
"2023/09/29 15:22:22.000","+2.73000E+01"
"2023/09/29 15:23:22.000","+2.73000E+01"
"2023/09/29 15:24:22.000","+2.73000E+01"
"2023/09/29 15:25:22.000","+2.72000E+01"
"2023/09/29 15:26:22.000","+2.72000E+01"
"2023/09/29 15:27:22.000","+2.72000E+01"
"2023/09/29 15:28:22.000","+2.72000E+01"
"2023/09/29 15:29:22.000","+2.71000E+01"
"2023/09/29 15:30:22.000","+2.72000E+01"
"2023/09/29 15:31:22.000","+2.71000E+01"
"2023/09/29 15:32:22.000","+2.72000E+01"
"2023/09/29 15:33:22.000","+2.72000E+01"
"2023/09/29 15:34:22.000","+2.71000E+01"
"2023/09/29 15:35:22.000","+2.71000E+01"
"2023/09/29 15:36:22.000","+2.72000E+01"
"2023/09/29 15:37:22.000","+2.71000E+01"
"2023/09/29 15:38:22.000","+2.71000E+01"
"2023/09/29 15:39:22.000","+2.71000E+01"
"2023/09/29 15:40:22.000","+2.71000E+01"
"2023/09/29 15:41:22.000","+2.71000E+01"
"2023/09/29 15:42:22.000","+2.71000E+01"
"2023/09/29 15:43:22.000","+2.71000E+01"
"2023/09/29 15:44:22.000","+2.71000E+01"
"2023/09/29 15:45:22.000","+2.70000E+01"
"2023/09/29 15:46:22.000","+2.70000E+01"
"2023/09/29 15:47:22.000","+2.70000E+01"
"2023/09/29 15:48:22.000","+2.70000E+01"
"2023/09/29 15:49:22.000","+2.70000E+01"
"2023/09/29 15:50:22.000","+2.70000E+01"
"2023/09/29 15:51:22.000","+2.70000E+01"
"2023/09/29 15:52:22.000","+2.70000E+01"
"2023/09/29 15:53:22.000","+2.70000E+01"
"2023/09/29 15:54:22.000","+2.70000E+01"
"2023/09/29 15:55:22.000","+2.70000E+01"
"2023/09/29 15:56:22.000","+2.70000E+01"
"2023/09/29 15:57:22.000","+2.70000E+01"
"2023/09/29 15:58:22.000","+2.70000E+01"
"2023/09/29 15:59:22.000","+2.70000E+01"
"2023/09/29 16:00:22.000","+2.70000E+01"
"2023/09/29 16:01:22.000","+2.70000E+01"
"2023/09/29 16:02:22.000","+2.70000E+01"
"2023/09/29 16:03:22.000","+2.70000E+01"
"2023/09/29 16:04:22.000","+2.70000E+01"
"2023/09/29 16:05:22.000","+2.70000E+01"
"2023/09/29 16:06:22.000","+2.70000E+01"
"2023/09/29 16:07:22.000","+2.70000E+01"
"2023/09/29 16:08:22.000","+2.70000E+01"
"2023/09/29 16:09:22.000","+2.69000E+01"
"2023/09/29 16:10:22.000","+2.70000E+01"
"2023/09/29 16:11:22.000","+2.70000E+01"
"2023/09/29 16:12:22.000","+2.69000E+01"
"2023/09/29 16:13:22.000","+2.69000E+01"
"2023/09/29 16:14:22.000","+2.69000E+01"
"2023/09/29 16:15:22.000","+2.70000E+01"
"2023/09/29 16:16:22.000","+2.69000E+01"
"2023/09/29 16:17:22.000","+2.69000E+01"
"2023/09/29 16:18:22.000","+2.69000E+01"
"2023/09/29 16:19:22.000","+2.68000E+01"
"2023/09/29 16:20:22.000","+2.68000E+01"
"2023/09/29 16:21:22.000","+2.68000E+01"
"2023/09/29 16:22:22.000","+2.68000E+01"
"2023/09/29 16:23:22.000","+2.68000E+01"
"2023/09/29 16:24:22.000","+2.68000E+01"
"2023/09/29 16:25:22.000","+2.69000E+01"
"2023/09/29 16:26:22.000","+2.68000E+01"
"2023/09/29 16:27:22.000","+2.67000E+01"
"2023/09/29 16:28:22.000","+2.66000E+01"
"2023/09/29 16:29:22.000","+2.65000E+01"
"2023/09/29 16:30:22.000","+2.65000E+01"
"2023/09/29 16:31:22.000","+2.63000E+01"
"2023/09/29 16:32:22.000","+2.63000E+01"
"2023/09/29 16:33:22.000","+2.65000E+01"
"2023/09/29 16:34:22.000","+2.68000E+01"
"2023/09/29 16:35:22.000","+2.71000E+01"
"2023/09/29 16:36:22.000","+2.73000E+01"
"2023/09/29 16:37:22.000","+2.75000E+01"
"2023/09/29 16:38:22.000","+2.77000E+01"
"2023/09/29 16:39:22.000","+2.79000E+01"
"2023/09/29 16:40:22.000","+2.80000E+01"
"2023/09/29 16:41:22.000","+2.81000E+01"
"2023/09/29 16:42:22.000","+2.82000E+01"
"2023/09/29 16:43:22.000","+2.83000E+01"
"2023/09/29 16:44:22.000","+2.84000E+01"
"2023/09/29 16:45:22.000","+2.85000E+01"
"2023/09/29 16:46:22.000","+2.85000E+01"
"2023/09/29 16:47:22.000","+2.86000E+01"
"2023/09/29 16:48:22.000","+2.86000E+01"
"2023/09/29 16:49:22.000","+2.87000E+01"
"2023/09/29 16:50:22.000","+2.87000E+01"
"2023/09/29 16:51:22.000","+2.88000E+01"
"2023/09/29 16:52:22.000","+2.88000E+01"
"2023/09/29 16:53:22.000","+2.88000E+01"
"2023/09/29 16:54:22.000","+2.88000E+01"
"2023/09/29 16:55:22.000","+2.89000E+01"
"2023/09/29 16:56:22.000","+2.89000E+01"
"2023/09/29 16:57:22.000","+2.90000E+01"
"2023/09/29 16:58:22.000","+2.90000E+01"
"2023/09/29 16:59:22.000","+2.90000E+01"
"2023/09/29 17:00:22.000","+2.91000E+01"
"2023/09/29 17:01:22.000","+2.91000E+01"
"2023/09/29 17:02:22.000","+2.91000E+01"
"2023/09/29 17:03:22.000","+2.91000E+01"
"2023/09/29 17:04:22.000","+2.92000E+01"
"2023/09/29 17:05:22.000","+2.92000E+01"
"2023/09/29 17:06:22.000","+2.92000E+01"
"2023/09/29 17:07:22.000","+2.93000E+01"
"2023/09/29 17:08:22.000","+2.93000E+01"
"2023/09/29 17:09:22.000","+2.93000E+01"
"2023/09/29 17:10:22.000","+2.93000E+01"
"2023/09/29 17:11:22.000","+2.93000E+01"
"2023/09/29 17:12:22.000","+2.94000E+01"
"2023/09/29 17:13:22.000","+2.93000E+01"
"2023/09/29 17:14:22.000","+2.94000E+01"
"2023/09/29 17:15:22.000","+2.94000E+01"
"2023/09/29 17:16:22.000","+2.94000E+01"
"2023/09/29 17:17:22.000","+2.94000E+01"
"2023/09/29 17:18:22.000","+2.94000E+01"
"2023/09/29 17:19:22.000","+2.94000E+01"
"2023/09/29 17:20:22.000","+2.95000E+01"
"2023/09/29 17:21:22.000","+2.95000E+01"
"2023/09/29 17:22:22.000","+2.95000E+01"
"2023/09/29 17:23:22.000","+2.95000E+01"
"2023/09/29 17:24:22.000","+2.95000E+01"
"2023/09/29 17:25:22.000","+2.95000E+01"
"2023/09/29 17:26:22.000","+2.95000E+01"
"2023/09/29 17:27:22.000","+2.96000E+01"
"2023/09/29 17:28:22.000","+2.95000E+01"
"2023/09/29 17:29:22.000","+2.96000E+01"
"2023/09/29 17:30:22.000","+2.96000E+01"
"2023/09/29 17:31:22.000","+2.96000E+01"
"2023/09/29 17:32:22.000","+2.96000E+01"
"2023/09/29 17:33:22.000","+2.96000E+01"
