,Mode,Indoor Temp,Indoor Humidity,Air Velocity,Globe Temperature,Outdoor Temp,Outdoor Humidity,Air Movement Preference,User Id,Condition
0,NV,27.82118325,78.55417,0.65,28.8,88.0,65.0,No Change,6.0,18.0
1,AC,24.87424925,66.87863,0.02,25.55,90.0,64.0,No Change,43.0,2.0
2,AC,24.52256165,66.73265075,0.09,25.1,87.0,64.0,No Change,20.0,2.0
3,AC,25.6025772,66.32347,0.26,26.35,89.0,58.0,More,52.0,3.0
4,NV,27.46960355,76.7434977,0.31,28.45,88.0,60.0,No Change,52.0,19.0
5,AC,25.03423025,62.0025569,0.41,25.85,89.0,62.0,No Change,27.0,3.0
6,NV,27.73088355,78.3376924,0.26,28.55,87.0,66.0,No Change,6.0,19.0
7,NV,29.0374832,75.75785,0.51,29.85,90.0,58.40393321,More,39.0,19.0
8,AC,25.5416238,75.004025,1.11,26.0,89.0,59.61059947,No Change,41.0,4.0
9,AC,25.06855485,71.67338215000001,0.11,26.3,92.0,56.0,No Change,33.0,1.0
10,AC,25.75917055,75.22926000000001,0.25,26.6,90.0,61.05437018,No Change,57.0,2.0
11,AC,25.4633837,67.5986099,0.38,25.700000000000003,91.0,55.0,Less,28.0,4.0
12,NV,28.22226865,79.94888,0.56,29.1,91.0,60.0,No Change,19.0,19.0
13,NV,29.736228,71.6406024,0.21,30.4,92.0,54.0,More,56.0,17.0
14,NV,29.07201785,73.97003555,0.06,30.05,92.0,56.0,More,57.0,16.0
15,AC,25.5028107,73.72965500000001,0.54,26.0,89.0,60.0,No Change,37.0,3.0
16,AC,25.534716600000003,76.0189478,0.07,26.55,92.0,56.0,More,32.0,2.0
17,NV,25.76368235,66.97658229999999,0.04,26.6,82.0,76.0,No Change,6.0,16.0
18,AC,25.06077385,64.436025,0.49,25.3,89.0,61.7109739,Less,11.0,4.0
19,NV,29.51381805,76.483585,1.02,30.200000000000003,92.0,57.0,More,42.0,18.0
20,AC,24.94346715,68.3360921,0.04,25.9,89.0,61.0,More,8.0,1.0
21,NV,26.6446638,73.21355,0.02,27.5,82.0,76.0,More,4.0,16.0
22,NV,28.84089085,76.13239215,0.03,29.9,92.0,56.0,No Change,36.0,17.0
23,NV,28.1659335,78.43466225,0.34,29.05,91.0,58.0,No Change,33.0,16.0
24,NV,27.76193445,78.514075,0.25,28.7,87.0,65.0,No Change,4.0,18.0
25,NV,28.62825655,66.685905,0.39,29.35,93.27738537,46.27738537,No Change,43.0,18.0
26,AC,28.0483072,75.18605,1.06,28.9,91.0,55.0,No Change,15.0,4.0
27,AC,24.94346715,68.3360921,0.04,25.9,89.0,61.0,No Change,11.0,1.0
28,AC,25.31502245,74.973465,0.12,25.85,92.0,59.0,No Change,43.0,3.0
29,NV,25.49842095,71.5555226,0.32,26.5,89.0,62.0,No Change,23.0,18.0
30,AC,24.37329,57.3987461,0.89,24.75,83.0,73.0,No Change,1.0,4.0
31,NV,29.43789265,73.90515500000001,0.08,30.25,91.0,58.0,More,18.0,17.0
32,AC,24.01170645,65.390785,0.05,25.15,87.0,66.0,More,24.0,2.0
33,NV,27.76193445,78.514075,0.25,28.7,87.0,65.0,No Change,3.0,18.0
34,NV,29.3854444,74.40034485000001,0.84,30.15,91.0,58.0,No Change,16.0,18.0
35,NV,28.3556118,66.87423795000001,0.2,29.0,94.0,46.0,No Change,48.0,19.0
36,NV,29.80188655,70.9149377,0.77,30.45,92.0,54.0,No Change,60.0,18.0
37,NV,29.401518000000003,73.42459,0.04,30.3,92.0,55.0,More,59.0,16.0
38,AC,26.0289812,73.44053255,0.88,26.75,91.0,57.0,Less,58.0,4.0
39,AC,25.6745028,71.833585,0.68,26.15,89.0,61.0,No Change,38.0,4.0
40,AC,25.4374294,69.43149,0.37,25.95,87.0,64.0,Less,19.0,4.0
41,AC,25.00824545,61.378465000000006,0.09,26.15,90.0,54.0,No Change,50.0,1.0
42,NV,28.1936712,74.08189,0.49,28.85,90.0,57.0,No Change,28.0,19.0
43,AC,25.23486425,69.1292,0.03,25.9,89.0,63.0,More,45.0,2.0
44,AC,25.217021,62.9532509,0.23,26.05,83.0,73.0,No Change,4.0,4.0
45,AC,25.0224695,62.74987635,0.81,25.0,89.0,62.0,Less,12.0,4.0
46,NV,27.29382705,75.76189,0.58,28.1,87.0,61.0,No Change,51.0,18.0
47,AC,25.6745028,71.833585,0.68,26.15,89.0,61.0,No Change,37.0,4.0
48,NV,29.44348435,74.049395,0.86,30.2,89.0,58.0,More,17.0,18.0
49,AC,25.25968695,65.64346795,0.03,26.0,90.0,61.07691803,More,30.0,2.0
50,NV,27.3859022,80.6769827,1.14,28.55,88.0,62.29389493,More,8.0,18.0
51,AC,24.010643,64.5948023,0.13,24.8,89.0,64.0,No Change,47.0,2.0
52,NV,27.72413065,75.60469434999999,0.11,28.65,88.83321587,58.0,More,54.0,17.0
53,AC,28.02454665,70.03412209999999,0.45,29.3,90.0,59.0,More,39.0,4.0
54,NV,28.34517655,72.80569460000001,0.23,29.1,94.0,56.0,More,39.0,17.0
55,AC,25.422402400000003,77.39952274999999,0.13,26.2,89.0,62.0,More,60.0,2.0
56,AC,24.87101935,68.94964,0.2,26.0,83.0,73.0,More,1.0,1.0
57,AC,25.3058491,76.48246,0.42,25.85,91.0,60.0,Less,45.0,4.0
58,AC,24.77680445,68.98632,0.13,25.8,91.0,55.0,No Change,26.0,2.0
59,NV,28.35708,73.904775,1.6,29.0,90.0,57.0,No Change,26.0,19.0
60,AC,25.6408987,66.22472214999999,0.03,26.35,90.0,61.0,More,25.0,2.0
61,AC,25.30559445,75.1471522,0.49,25.85,94.0,52.0,Less,35.0,4.0
62,NV,27.2297106,80.2595253,0.63,28.35,88.0,62.0,More,9.0,19.0
63,AC,24.733455,69.976585,0.15,26.4,90.0,60.0,No Change,42.0,2.0
64,NV,29.3690672,74.16417,0.4,30.0,92.0,55.45385725,More,33.0,19.0
65,NV,28.1517763,74.60062260000001,0.27,29.1,90.0,58.0,More,29.0,17.0
66,NV,27.3176635,77.61981779999999,0.05,28.2,90.0,58.0,More,29.0,16.0
67,AC,24.37329,57.3987461,0.89,24.75,83.0,73.0,No Change,6.0,4.0
68,NV,25.8066244,70.19372,0.26,26.3,91.0,55.0,No Change,26.0,18.0
69,NV,27.2373285,75.074165,0.54,28.05,87.0,61.0,No Change,50.0,18.0
70,AC,24.59179495,63.6278339,0.05,25.8,92.0,53.0,No Change,59.0,1.0
71,NV,28.2101202,78.130925,0.37,29.15,91.0,58.0,More,23.0,17.0
72,NV,28.199626,80.49376000000001,0.05,29.3,88.0,65.69895856,No Change,12.0,16.0
73,NV,27.6431484,76.4995576,1.1,28.5,87.0,67.0,No Change,1.0,19.0
74,NV,26.3269892,76.14605789999999,0.38,27.35,89.0,61.0,Less,20.0,18.0
75,AC,25.67464295,68.524442,0.65,26.35,88.0,63.0,More,8.0,4.0
76,AC,25.6627033,72.98564999999999,0.03,26.55,91.0,58.04668938,More,59.0,2.0
77,NV,28.86610715,75.04375289999999,0.3,29.85,90.0,59.0,More,15.0,17.0
78,NV,29.55438615,72.80058305,0.09,30.35,92.0,55.0,More,56.0,16.0
79,NV,28.37111375,75.04097745,0.08,29.25,91.0,58.0,More,25.0,17.0
80,NV,28.523658750000003,77.92713805,0.02,29.65,91.0,58.0,More,34.0,17.0
81,AC,24.10182595,65.3353073,0.11,25.5,90.0,63.0,More,42.0,1.0
82,NV,25.86277155,67.22079500000001,0.84,26.15,89.45417428,62.54582572,No Change,36.0,18.0
83,NV,28.7493633,68.83581000000001,0.48,29.65,93.0,49.0,No Change,48.0,17.0
84,NV,26.52745625,74.61818790000001,0.28,27.55,91.0,57.0,No Change,25.0,18.0
85,AC,24.7277887,69.61462,0.08,26.4,90.0,60.0,More,41.0,2.0
86,AC,25.29827595,65.68046705,0.03,26.0,90.0,60.07665772,More,29.0,2.0
87,NV,28.70016365,68.11952,0.68,29.4,93.0,48.0,Less,45.0,17.0
88,AC,24.8110323,70.94870755,0.15,26.45,89.0,60.0,More,8.0,2.0
89,NV,28.35708,73.904775,1.6,29.0,90.0,57.0,No Change,25.0,19.0
90,AC,25.3058491,76.48246,0.42,25.85,91.0,60.0,Less,46.0,4.0
91,AC,25.3470192,75.53910445,0.47,25.9,94.0,52.0,Less,32.0,4.0
92,NV,25.54950615,70.42307,0.03,25.950000000000003,93.0,52.0,No Change,47.0,16.0
93,AC,25.5875284,70.96835999999999,0.23,26.2,89.0,52.0,No Change,52.0,4.0
94,AC,25.83666515,69.80744999999999,0.59,26.55,88.0,63.0,No Change,10.0,4.0
95,AC,25.5679827,65.013785,0.45,26.4,89.0,58.0,No Change,51.0,3.0
96,AC,25.6525,66.83991499999999,0.18,26.0,90.0,63.0,No Change,47.0,3.0
97,NV,27.43472765,67.19831464999999,0.24,27.8,94.0,56.0,No Change,37.0,17.0
98,NV,28.2296936,79.77403000000001,0.54,29.1,90.95917264,60.0,No Change,22.0,19.0
99,AC,24.37329,57.3987461,0.89,24.75,83.0,73.0,Less,2.0,4.0
100,NV,28.65853345,67.14589000000001,0.69,29.45,93.0,47.0,No Change,47.0,17.0
101,AC,24.10182595,65.3353073,0.11,25.5,90.0,63.0,No Change,37.0,1.0
102,NV,27.3063831,75.91471695,0.57,28.2,87.0,61.0,No Change,53.0,18.0
103,NV,27.72992225,77.1736231,0.08,28.6,90.0,58.0,More,28.0,16.0
104,NV,28.91536045,77.2558899,0.07,29.65,90.0,62.0,More,24.0,16.0
105,NV,27.90806575,73.04190775000001,0.63,29.0,92.0,54.0,Less,55.0,19.0
106,NV,27.72413065,75.60469434999999,0.11,28.65,88.83321587,58.0,Less,53.0,17.0
107,NV,29.45972285,73.77513705,0.55,30.3,91.0,59.0,More,16.0,17.0
108,NV,25.57442,73.11616000000001,0.12,26.45,87.0,63.0,More,50.0,16.0
109,NV,27.832695,68.15968000000001,0.06,28.200000000000003,93.0,47.0,No Change,43.0,16.0
110,NV,27.8988188,73.252155,0.25,28.85,88.0,57.0,More,51.0,17.0
111,AC,24.831316,72.60397735,0.17,25.950000000000003,92.0,56.0,More,27.0,2.0
112,AC,23.8942356,65.14160695000001,0.07,25.2,90.0,62.0,No Change,38.0,1.0
113,AC,25.57991885,66.15097895,0.09,26.15,91.0,57.0,No Change,14.0,1.0
114,AC,24.37159185,63.2592831,0.11,24.8,89.0,62.0,More,19.0,2.0
115,NV,28.411007,73.146215,0.23,29.200000000000003,94.0,55.58012383,More,38.0,17.0
116,NV,26.3269892,76.14605789999999,0.38,27.35,89.0,61.0,No Change,22.0,18.0
117,AC,26.47763395,67.844155,0.47,27.1,90.0,59.0,No Change,40.0,4.0
118,NV,27.5097694,71.02812499999999,1.15,28.35,92.0,55.0,No Change,56.0,19.0
119,NV,28.19567395,75.3918,0.08,29.0,90.0,59.0,More,25.0,16.0
120,AC,26.47763395,67.844155,0.47,27.1,90.0,59.0,No Change,42.0,4.0
121,NV,29.16582205,75.45753500000001,0.95,30.0,91.0,58.0,No Change,37.0,19.0
122,NV,29.003220650000003,76.104175,0.04,29.85,94.0,54.0,More,39.0,16.0
123,AC,25.4869926,73.397505,0.19,25.9,88.0,61.0,No Change,39.0,3.0
124,NV,28.5028057,73.71183289999999,0.24,29.3,94.0,55.0,More,41.0,17.0
125,AC,25.4883105,73.39035000000001,0.21,25.85,88.0,61.6148999,No Change,38.0,3.0
126,NV,27.28426425,77.54482999999999,0.08,28.1,90.0,57.89679308,More,30.0,16.0
127,NV,27.5859369,76.22223275,0.58,28.55,88.82535889,59.0,No Change,51.0,19.0
128,NV,26.64318375,77.81644,0.34,27.8,89.0,61.0,Less,10.0,19.0
129,NV,29.07201785,73.97003555,0.06,30.05,92.0,56.0,More,55.0,16.0
130,AC,29.2042246,76.43486999999999,0.48,30.0,87.63262761,58.0,More,14.0,4.0
131,AC,25.12966155,67.89088000000001,0.35,25.65,95.0,53.0,Less,36.0,4.0
132,NV,29.7756462,71.74289305,0.13,30.4,92.0,55.0,More,58.0,17.0
133,NV,26.64318375,77.81644,0.34,27.8,89.0,61.0,No Change,11.0,19.0
134,NV,26.7251539,74.8342,0.77,27.65,90.0,63.0,No Change,32.0,18.0
135,NV,29.80188655,70.9149377,0.77,30.45,92.0,54.0,More,56.0,18.0
136,NV,27.752233500000003,80.19243205000001,0.27,28.700000000000003,87.0,67.0,No Change,10.0,17.0
137,AC,25.50149345,73.650155,0.15,25.950000000000003,88.61356048,60.0,More,40.0,3.0
138,AC,25.534716600000003,76.0189478,0.07,26.55,92.0,56.0,More,35.0,2.0
139,AC,25.46557855,77.5171,0.09,26.05,89.0,63.0,More,58.0,2.0
140,AC,25.58443,72.9034225,0.61,26.3,89.0,52.86264799,No Change,53.0,4.0
141,NV,28.3860197,74.00213,0.85,29.3,92.0,55.0,Less,58.0,19.0
142,NV,28.21353055,78.44533000000001,1.12,29.15,91.0,58.0,Less,32.0,16.0
143,NV,28.58662635,65.6599693,0.87,29.35,93.0,44.27907385,No Change,48.0,18.0
144,NV,27.98451805,80.74121305,0.19,28.8,87.28795519,66.0,More,8.0,17.0
145,AC,25.4624636,64.32089210000001,0.79,26.3,89.0,58.0,No Change,49.0,4.0
146,AC,25.99755285,75.6160202,0.42,26.45,87.0,64.0,More,59.0,4.0
147,AC,24.94346715,68.3360921,0.04,25.9,89.0,61.0,No Change,12.0,1.0
148,AC,25.7857256,73.1514,0.1,26.75,91.0,59.0,No Change,55.0,2.0
149,AC,24.61347865,57.8233537,0.03,25.6,83.0,73.0,More,4.0,2.0
150,AC,23.86768435,65.7074075,0.15,25.25,90.0,62.0,No Change,37.0,2.0
151,NV,26.5736992,73.05947499999999,0.05,27.4,82.0,76.0,More,1.0,16.0
152,AC,25.0134188,65.78278499999999,0.39,25.55,95.0,53.0,Less,34.0,4.0
153,NV,28.81309225,76.218905,0.06,29.85,91.55190343,56.0,More,31.0,17.0
154,NV,29.7720623,71.7059,0.13,30.35,92.0,55.0,More,60.0,17.0
155,NV,28.35708,73.904775,1.6,29.0,90.0,57.0,Less,30.0,19.0
156,NV,28.34041365,74.849875,0.07,29.2,91.0,58.0,More,30.0,17.0
157,AC,25.6632469,76.27038,0.44,26.25,90.0,58.0,More,56.0,3.0
158,AC,24.8467121,73.885195,0.04,25.7,91.0,59.0,No Change,28.0,1.0
159,NV,27.46960355,76.7434977,0.31,28.45,88.0,60.0,No Change,54.0,19.0
160,AC,25.7184444,61.3057957,0.09,25.95,91.0,56.0,More,18.0,2.0
161,AC,25.5269273,75.17724000000001,0.05,26.45,90.0,62.94535887,More,56.0,2.0
162,NV,27.98451805,80.74121305,0.19,28.8,87.28795519,66.0,No Change,11.0,17.0
163,NV,27.2297106,80.2595253,0.63,28.35,88.0,62.0,More,8.0,19.0
164,AC,25.54172325,68.92381499999999,0.1,26.6,89.0,61.0,More,7.0,2.0
165,AC,28.4079113,80.10766765,0.22,29.15,92.54747971,55.54747971,No Change,33.0,3.0
166,AC,25.4721317,69.6084829,0.71,25.9,87.0,64.05265162,Less,23.0,4.0
167,AC,25.89784765,78.6051322,0.68,26.9,90.0,61.0,No Change,29.0,4.0
168,AC,24.400237,72.452845,0.18,25.4,87.0,66.94115996,More,24.0,1.0
169,NV,28.5421238,77.79976500000001,0.03,29.65,91.0,58.0,Less,35.0,17.0
170,NV,27.28426425,77.54482999999999,0.08,28.1,90.0,57.89679308,More,27.0,16.0
171,AC,25.066245,64.676905,0.72,25.35,89.0,61.0,No Change,7.0,4.0
172,NV,29.32160185,75.236575,0.71,30.1,91.0,59.0,More,14.0,18.0
173,NV,29.16582205,75.45753500000001,0.95,30.0,91.0,58.0,More,40.0,19.0
174,NV,28.3573275,73.97078295,1.03,29.0,90.0,57.0,No Change,29.0,19.0
175,NV,26.7251539,74.8342,0.77,27.65,90.0,63.0,No Change,34.0,18.0
176,AC,23.89018825,65.62138999999999,0.06,25.25,90.0,62.0,More,38.0,2.0
177,NV,27.6887398,79.48061254999999,1.09,28.6,91.0,61.0,No Change,34.0,16.0
178,AC,25.5301969,66.84052,0.3,25.9,91.0,61.0,Less,46.0,3.0
179,AC,26.4143038,63.468410000000006,0.73,27.05,91.0,55.0,No Change,18.0,4.0
180,NV,26.48625645,74.276335,0.34,27.45,91.0,56.79489786,No Change,28.0,18.0
181,AC,24.61979865,69.36933,0.16,25.8,91.0,55.0,No Change,28.0,2.0
182,AC,24.94427,68.71313,0.06,25.85,89.0,61.0,No Change,10.0,1.0
183,AC,25.3176384,74.67751000000001,0.31,25.85,92.0,59.0,No Change,45.0,3.0
184,NV,28.10838415,67.471385,0.37,28.7,93.0,46.0,No Change,46.0,19.0
185,AC,23.61478235,66.9452071,0.12,24.9,89.0,64.0,No Change,48.0,1.0
186,NV,28.34517655,72.80569460000001,0.23,29.1,94.0,56.0,More,42.0,17.0
187,AC,24.88135335,69.51491544999999,0.2,26.05,83.0,73.0,No Change,2.0,1.0
188,AC,26.7131529,75.22815700000001,0.27,27.25,93.0,54.54611805,No Change,31.0,3.0
189,NV,28.65853345,67.14589000000001,0.69,29.45,93.0,47.0,Less,46.0,17.0
190,AC,25.5710974,71.02542,0.23,26.2,89.0,52.0,No Change,51.0,4.0
191,AC,24.69044305,69.27887,0.04,25.7,91.0,56.47476051,No Change,36.0,1.0
192,NV,29.34126855,74.28265999999999,0.25,29.95,92.0,56.0,No Change,31.0,19.0
193,AC,25.4624636,64.32089210000001,0.79,26.3,89.0,58.0,Less,50.0,4.0
194,NV,27.108918950000003,74.65289,0.03,27.9,82.0,74.0,More,2.0,16.0
195,AC,27.36964795,81.37462500000001,0.38,28.35,88.0,63.0,More,9.0,4.0
196,AC,25.0295553,71.98438999999999,0.05,26.25,92.0,56.0,More,34.0,1.0
197,NV,29.476764,74.0503044,0.18,30.1,92.0,56.0,No Change,32.0,19.0
198,AC,24.97546195,67.8532773,0.03,25.700000000000003,89.0,63.0,More,40.0,2.0
199,AC,25.6104712,60.81998,0.15,26.05,89.0,63.0,More,25.0,3.0
200,AC,25.5054302,76.210595,0.07,26.5,92.0,56.0,No Change,36.0,2.0
201,AC,24.6073215,61.33249475,0.17,25.75,90.0,55.0,Less,53.0,1.0
202,NV,28.1810989,67.2262777,0.09,28.8,93.0,46.0,No Change,47.0,19.0
203,NV,28.22226865,79.94888,0.56,29.1,91.0,60.0,No Change,24.0,19.0
204,NV,28.21487115,80.53101,0.09,29.1,88.0,66.0,More,8.0,16.0
205,NV,26.43474005,73.87907725,0.03,27.35,86.0,63.0,More,54.0,16.0
206,NV,29.8114805,71.02696499999999,0.15,30.5,92.0,54.0,No Change,57.0,17.0
207,AC,25.69550105,75.77646715,0.33,26.25,90.0,58.0,Less,59.0,3.0
208,NV,28.23171805,79.634805,0.79,29.200000000000003,90.0,60.0,No Change,23.0,19.0
209,AC,25.32947065,67.46198695000001,0.3,25.75,91.0,56.09573812,No Change,29.0,3.0
210,NV,27.07351905,79.363115,0.36,28.1,88.0,62.0,No Change,7.0,19.0
211,NV,27.70735,77.43589205,1.12,28.55,87.0,66.0,No Change,4.0,19.0
212,AC,25.83470155,77.227195,0.18,26.35,89.0,63.0,Less,55.0,4.0
213,NV,29.2580948,74.241235,0.03,30.0,90.0,59.0,More,18.0,16.0
214,NV,28.899021150000003,77.11800005,0.05,29.700000000000003,90.0,62.0,More,22.0,16.0
215,NV,29.28249265,75.3105,0.56,30.1,91.0,58.0,No Change,41.0,19.0
216,NV,29.8566381,75.98838275,0.14,30.45,93.0,56.0,More,42.0,16.0
217,NV,28.9411497,75.699615,0.7,29.65,89.3286939,58.83565305,No Change,16.0,19.0
218,AC,25.4909477,73.399675,0.35,25.9,88.0,61.38445218,No Change,42.0,3.0
219,NV,28.3461914,73.937405,0.54,29.3,92.0,55.0,No Change,57.0,19.0
220,NV,29.476764,74.0503044,0.18,30.1,92.0,56.0,No Change,36.0,19.0
221,AC,26.16298215,65.64681999999999,0.08,27.6,89.0,53.0,No Change,51.0,1.0
222,NV,26.755024,75.47792000000001,0.1,27.9,87.0,62.0,More,49.0,16.0
223,AC,24.37329,57.3987461,0.89,24.75,83.0,73.0,No Change,5.0,4.0
224,NV,28.6000843,77.07266,0.04,29.6,91.0,59.0,More,23.0,16.0
225,NV,28.18973275,78.43999500000001,0.75,29.1,91.0,58.0,Less,35.0,16.0
226,AC,25.33995055,69.89223785,1.02,25.75,91.0,60.0,Less,48.0,4.0
227,AC,24.2068288,67.79967500000001,0.06,25.25,87.0,66.0,More,23.0,1.0
228,NV,27.108918950000003,74.65289,0.03,27.9,82.0,74.0,More,3.0,16.0
229,NV,27.70260055,77.36929,0.56,28.5,87.0,66.0,More,5.0,19.0
230,AC,25.0258357,68.469595,0.15,25.8,89.0,63.0,More,39.0,2.0
231,AC,24.87424925,66.87863,0.02,25.55,90.0,64.0,More,48.0,2.0
232,AC,23.46528625,66.89520999999999,0.21,24.9,89.0,64.0,More,45.0,1.0
233,NV,29.8566381,75.98838275,0.14,30.45,93.0,56.0,More,40.0,16.0
234,NV,27.4584055,74.27718999999999,0.09,28.2,84.0,71.0,No Change,3.0,17.0
235,NV,27.6887398,79.48061254999999,1.09,28.6,91.0,61.0,Less,31.0,16.0
236,AC,25.198411,67.88993500000001,0.12,26.65,89.0,60.0,More,9.0,2.0
237,NV,25.57442,73.11616000000001,0.12,26.45,87.0,63.0,More,52.0,16.0
238,NV,28.47183115,66.45309,0.88,29.25,93.0,46.0,No Change,47.0,18.0
239,AC,25.6025772,66.32347,0.26,26.35,89.0,58.0,No Change,53.0,3.0
240,NV,28.34041365,74.849875,0.07,29.2,91.0,58.0,No Change,28.0,17.0
241,AC,24.8560788,66.926475,0.67,25.5,89.0,63.0,No Change,24.0,4.0
242,NV,27.14934825,75.17565,0.48,28.05,87.0,62.0,No Change,52.0,18.0
243,AC,25.706242,67.161445,0.1,26.15,91.0,57.0,More,16.0,1.0
244,NV,28.1159983,74.05206305,0.14,28.9,90.0,56.0,More,26.0,17.0
245,AC,25.4269428,61.8769284,0.08,25.8,91.0,56.0,More,15.0,2.0
246,NV,27.5875864,79.860165,0.23,28.7,91.0,59.0,More,19.0,17.0
247,NV,27.4584055,74.27718999999999,0.09,28.2,84.0,71.0,No Change,2.0,17.0
248,NV,28.21487115,80.53101,0.09,29.1,88.0,66.0,More,10.0,16.0
249,NV,27.4778919,75.31259,0.34,28.25,86.0,68.0,No Change,6.0,17.0
250,AC,25.05597705,75.97229,0.08,25.9,91.0,58.0,No Change,26.0,1.0
251,NV,29.81506415,70.893145,0.27,30.5,92.0,53.98572117,More,59.0,17.0
252,NV,28.07866765,73.87162755,1.03,28.85,90.0,56.0,Less,27.0,19.0
253,NV,28.91536045,77.2558899,0.07,29.65,90.0,62.0,More,19.0,16.0
254,NV,27.54382515,75.882295,0.44,28.4,86.40827744,67.0,More,5.0,17.0
255,AC,25.67185,77.70697295,0.25,26.25,89.0,63.0,No Change,57.0,4.0
256,AC,25.82350215,73.0244429,0.3,26.4,90.0,60.0,More,55.0,3.0
257,NV,27.5859369,76.22223275,0.58,28.55,88.82535889,59.0,No Change,53.0,19.0
258,AC,25.57991885,66.15097895,0.09,26.15,91.0,57.0,No Change,18.0,1.0
259,AC,24.90279865,68.55191805000001,0.16,26.4,89.0,62.0,More,39.0,1.0
260,AC,25.7988139,63.931682,0.07,26.85,89.0,57.0,No Change,50.0,2.0
261,AC,25.5228548,81.233565,0.39,26.1,95.0,51.0,No Change,31.0,4.0
262,AC,25.42826365,67.9406524,0.38,25.85,91.0,57.09444568,No Change,26.0,3.0
263,AC,25.81166355,72.13758,0.04,26.950000000000003,83.0,73.0,Less,2.0,2.0
264,AC,24.57584655,57.65394135,0.04,25.6,83.0,73.0,More,5.0,2.0
265,AC,24.61347865,57.8233537,0.03,25.6,83.0,73.0,More,6.0,2.0
266,NV,29.79211235,71.031425,0.8,30.45,92.0,54.0,No Change,59.0,18.0
267,AC,24.87618635,69.1668231,0.14,26.05,83.0,73.0,More,5.0,1.0
268,AC,25.17013435,72.73873499999999,0.18,26.450000000000003,92.0,56.0,More,34.0,2.0
269,NV,27.81130785,78.54907765,0.65,28.75,88.0,66.0,No Change,1.0,18.0
270,AC,24.6059084,61.2483838,0.12,25.75,90.0,55.0,More,54.0,1.0
271,NV,26.7251539,74.8342,0.77,27.65,90.0,63.0,No Change,33.0,18.0
272,NV,29.80188655,70.9149377,0.77,30.45,92.0,54.0,No Change,57.0,18.0
273,AC,25.269263950000003,70.51651765,0.1,26.4,83.0,73.0,No Change,4.0,1.0
274,NV,28.5629034,77.64685,0.12,29.700000000000003,91.0,58.0,More,33.0,17.0
275,AC,24.50745225,63.892345,0.03,25.6,92.0,54.03616543,More,55.0,1.0
276,NV,29.79211235,71.031425,0.8,30.45,92.0,54.0,No Change,55.0,18.0
277,NV,27.70735,77.43589205,1.12,28.55,87.0,66.0,Less,3.0,19.0
278,AC,25.53478625,66.65420225,0.05,26.6,88.14702575,58.0,No Change,53.0,2.0
279,NV,29.1148081,74.52970235000001,0.46,30.05,90.83813265,59.0,More,17.0,17.0
280,AC,25.50149345,73.650155,0.15,25.950000000000003,88.61356048,60.0,No Change,41.0,3.0
281,NV,28.21487115,80.53101,0.09,29.1,88.0,66.0,More,9.0,16.0
282,NV,28.6000843,77.07266,0.04,29.6,91.0,59.0,No Change,20.0,16.0
283,NV,26.98065565,77.210965,0.34,27.95,90.0,58.0,Less,30.0,18.0
284,AC,25.82350215,73.0244429,0.3,26.4,90.0,60.0,No Change,58.0,3.0
285,NV,28.97388325,75.5851074,0.36,29.65,89.0,59.0,No Change,18.0,19.0
286,AC,24.69094945,64.04914875,0.03,25.700000000000003,92.0,54.03383261,More,56.0,1.0
287,AC,25.57991885,66.15097895,0.09,26.15,91.0,57.0,No Change,17.0,1.0
288,NV,27.881696,73.43466000000001,0.4,28.85,88.0,57.0,More,52.0,17.0
289,AC,24.5155618,66.44586285,0.12,25.0,87.93869336,64.0,More,22.0,2.0
290,AC,25.88930225,68.0987621,0.47,26.5,89.0,54.14254275,No Change,54.0,3.0
291,NV,27.74478435,80.34176,0.23,28.700000000000003,87.0,67.0,More,9.0,17.0
292,AC,25.38718985,67.34399805000001,0.74,25.65,91.0,54.0,No Change,26.0,4.0
293,NV,27.28127195,75.60906,0.44,28.1,87.0,61.0,No Change,49.0,18.0
294,NV,27.3566046,76.582235,0.56,28.25,87.17629594,62.0,No Change,54.0,18.0
295,NV,28.5828416,65.73397,0.54,29.35,93.0,44.0,Less,45.0,18.0
296,NV,29.13755095,75.01255499999999,0.78,29.65,90.16488071,59.0,No Change,14.0,19.0
297,NV,27.55629415,80.609325,0.77,28.700000000000003,87.29273694,63.29273694,No Change,10.0,18.0
298,NV,27.752233500000003,80.19243205000001,0.27,28.700000000000003,87.0,67.0,More,7.0,17.0
299,AC,25.7467013,74.82510500000001,0.26,26.2,90.0,59.0,No Change,57.0,3.0
300,AC,28.5684471,79.02077,0.14,29.25,92.0,55.0,Less,32.0,3.0
301,NV,27.3575039,80.6216627,0.75,28.5,88.0,62.0,More,9.0,18.0
302,NV,29.80250835,76.51935,0.13,30.45,93.0,56.40988438,More,41.0,16.0
303,AC,24.8261671,70.32521215,0.11,25.55,93.0,54.0,No Change,31.0,2.0
304,AC,25.217021,62.9532509,0.23,26.05,83.0,73.0,Less,3.0,4.0
305,NV,27.2297106,80.2595253,0.63,28.35,88.0,62.0,Less,12.0,19.0
306,AC,25.58443,72.9034225,0.61,26.3,89.0,52.86264799,Less,54.0,4.0
307,AC,25.58442785,74.02203499999999,0.39,26.25,92.0,55.0,No Change,56.0,4.0
308,NV,28.86868955,76.02139,0.04,29.85,92.0,56.0,More,32.0,17.0
309,NV,26.48625645,74.276335,0.34,27.45,91.0,56.79489786,No Change,27.0,18.0
310,NV,27.81130785,78.54907765,0.65,28.75,88.0,66.0,More,5.0,18.0
311,AC,24.9786463,68.46871,0.07,25.950000000000003,86.0,64.0,More,23.0,2.0
312,AC,26.112540000000003,78.21490299999999,0.26,27.25,83.0,73.0,Less,3.0,2.0
313,AC,25.850986,77.13069229999999,1.02,26.35,89.0,63.94191481,Less,60.0,4.0
314,AC,25.6225691,72.066778,0.08,26.5,83.0,73.0,More,3.0,1.0
315,NV,29.1148081,74.52970235000001,0.46,30.05,90.83813265,59.0,More,14.0,17.0
316,NV,28.8235407,75.06594000000001,0.09,29.65,90.0,57.0,More,15.0,16.0
317,NV,27.5314093,75.8627979,0.15,28.4,86.0,67.0,No Change,1.0,17.0
318,AC,24.42423815,72.63083,0.04,25.4,87.0,67.0,No Change,20.0,1.0
319,AC,23.4386787,66.05906999999999,0.15,24.65,89.0,65.0,No Change,47.0,1.0
320,AC,24.2068288,67.79967500000001,0.06,25.25,87.0,66.0,No Change,19.0,1.0
321,AC,25.89085005,64.568505,0.15,26.950000000000003,89.0,55.0,More,51.0,2.0
322,AC,25.53478625,66.65420225,0.05,26.6,88.14702575,58.0,More,52.0,2.0
323,AC,25.3410873,69.761645,0.68,25.75,91.0,60.0,Less,47.0,4.0
324,AC,24.10182595,65.3353073,0.11,25.5,90.0,63.0,More,40.0,1.0
325,NV,27.5136958,80.61175,0.62,28.6,88.0,63.28254111,No Change,7.0,18.0
326,NV,29.51381805,76.483585,1.02,30.200000000000003,92.0,57.0,No Change,38.0,18.0
327,AC,23.38444425,66.55137235000001,0.11,24.85,89.0,64.30649327,No Change,46.0,1.0
328,AC,24.69044305,69.27887,0.04,25.7,91.0,56.47476051,More,31.0,1.0
329,AC,25.27770045,73.98545,0.3,25.75,92.0,58.0,No Change,48.0,3.0
330,NV,27.40682605,76.748495,1.02,28.3,88.0,61.82525061,No Change,49.0,19.0
331,NV,27.28426425,77.54482999999999,0.08,28.1,90.0,57.89679308,More,26.0,16.0
332,NV,27.72413065,75.60469434999999,0.11,28.65,88.83321587,58.0,More,49.0,17.0
333,AC,25.5452836,57.64316,0.11,26.4,91.0,56.0,More,14.0,2.0
334,NV,29.71229365,76.92506,0.59,30.35,93.0,57.0,No Change,37.0,18.0
335,AC,24.35074325,61.706855,0.41,24.950000000000003,90.0,62.0,No Change,22.0,4.0
336,NV,29.36279875,76.33971700000001,0.16,30.200000000000003,91.59080629,58.0,More,40.0,18.0
337,NV,29.3854444,74.40034485000001,0.84,30.15,91.0,58.0,More,15.0,18.0
338,AC,24.76390435,66.769695,0.23,25.65,94.0,54.0,No Change,35.0,3.0
339,NV,28.0564146,78.3970871,0.17,28.95,91.0,57.0,No Change,20.0,17.0
340,NV,27.47764205,75.38158,0.4,28.25,86.0,68.0,More,4.0,17.0
341,NV,27.65568925,80.4292079,0.44,28.75,88.0,63.70919532,No Change,11.0,18.0
342,AC,25.3814669,67.28068999999999,0.29,25.75,91.0,56.0,More,30.0,3.0
343,NV,27.16748335,71.1531128,0.09,27.35,93.0,50.71493106,More,46.0,16.0
344,NV,29.344909450000003,75.87390255,0.71,30.200000000000003,91.0,58.0,No Change,41.0,18.0
345,NV,29.0910797,75.31185500000001,0.21,29.95,92.0,56.0,More,34.0,19.0
346,NV,29.07201785,73.97003555,0.06,30.05,92.0,56.0,More,58.0,16.0
347,NV,27.98451805,80.74121305,0.19,28.8,87.28795519,66.0,No Change,12.0,17.0
348,AC,25.198411,67.88993500000001,0.12,26.65,89.0,60.0,No Change,12.0,2.0
349,NV,27.43472765,67.19831464999999,0.24,27.8,94.0,56.0,More,40.0,17.0
350,AC,24.98846825,65.756475,0.29,25.55,95.0,53.0,Less,33.0,4.0
351,AC,25.53478625,66.65420225,0.05,26.6,88.14702575,58.0,No Change,49.0,2.0
352,NV,28.1956412,67.24078,0.11,28.8,93.0,46.0,No Change,45.0,19.0
353,AC,25.0596764,67.46126705,0.11,25.75,90.09168622,60.09168622,More,30.0,1.0
354,AC,25.2951131,72.53571295,0.12,26.0,93.0,56.52934892,No Change,36.0,3.0
355,NV,29.44348435,74.049395,0.86,30.2,89.0,58.0,No Change,18.0,18.0
356,NV,28.799171450000003,76.13997735,1.62,29.65,91.0,59.0,No Change,17.0,19.0
357,AC,27.60513115,79.99469500000001,0.38,28.25,93.0,55.0,More,34.0,3.0
358,AC,25.53478625,66.65420225,0.05,26.6,88.14702575,58.0,More,54.0,2.0
359,AC,25.68664,65.914108,0.35,26.15,89.0,53.0,No Change,50.0,3.0
360,NV,28.8235407,75.06594000000001,0.09,29.65,90.0,57.0,More,16.0,16.0
361,AC,24.7381439,64.09495,0.01,25.6,92.0,54.0,More,60.0,1.0
362,NV,27.9270697,78.45029,0.68,28.95,91.0,58.0,Less,36.0,16.0
363,AC,24.6267538,64.140635,0.36,25.25,90.0,62.0,Less,20.0,4.0
364,NV,29.7398109,71.5426121,0.31,30.4,92.0,54.0,More,55.0,17.0
365,AC,25.43798545,67.443635,0.48,25.700000000000003,91.0,55.0,More,25.0,4.0
366,AC,24.94427,68.71313,0.06,25.85,89.0,61.0,More,9.0,1.0
367,AC,24.7381439,64.09495,0.01,25.6,92.0,54.0,No Change,58.0,1.0
368,NV,28.22226865,79.94888,0.56,29.1,91.0,60.0,Less,20.0,19.0
369,AC,25.2427835,72.64668785,0.17,25.75,93.0,55.0,No Change,33.0,2.0
370,AC,24.8467121,73.885195,0.04,25.7,91.0,59.0,No Change,27.0,1.0
371,NV,28.70394835,68.168415,0.25,29.4,93.0,48.0,No Change,43.0,17.0
372,NV,28.3461914,73.937405,0.54,29.3,92.0,55.0,No Change,59.0,19.0
373,AC,25.00824545,61.378465000000006,0.09,26.15,90.0,54.0,No Change,49.0,1.0
374,AC,25.03749245,75.901905,0.09,25.9,91.0,58.0,More,25.0,1.0
375,NV,25.57442,73.11616000000001,0.12,26.45,87.0,63.0,More,51.0,16.0
376,AC,25.33085725,72.80657,0.74,25.85,91.0,58.0,No Change,43.0,4.0
377,NV,28.48635865,66.327095,0.85,29.25,93.0,46.0,No Change,46.0,18.0
378,AC,25.72425845,63.869709,0.14,25.9,91.0,57.0,More,17.0,2.0
379,AC,25.6104712,60.81998,0.15,26.05,89.0,63.0,No Change,28.0,3.0
380,AC,25.0295553,71.98438999999999,0.05,26.25,92.0,56.0,No Change,35.0,1.0
381,NV,29.401518000000003,73.42459,0.04,30.3,92.0,55.0,More,60.0,16.0
382,NV,25.86277155,67.22079500000001,0.84,26.15,89.45417428,62.54582572,Less,35.0,18.0
383,NV,28.8507881,74.95059965,0.12,29.65,90.0,57.16706369,More,17.0,16.0
384,AC,25.8299016,73.15745,0.11,26.450000000000003,90.0,60.94619786,No Change,60.0,3.0
385,NV,29.05609705,76.14667510000001,0.05,29.9,94.0,54.0,More,37.0,16.0
386,NV,29.37174225,76.40110795,0.75,30.200000000000003,92.0,58.0,More,39.0,18.0
387,NV,27.90806575,73.04190775000001,0.63,29.0,92.0,54.0,Less,60.0,19.0
388,NV,25.36351205,69.883087,0.1,25.950000000000003,93.0,52.0,No Change,48.0,16.0
389,AC,24.400237,72.452845,0.18,25.4,87.0,66.94115996,More,22.0,1.0
390,NV,27.832695,68.15968000000001,0.06,28.200000000000003,93.0,47.0,More,45.0,16.0
391,NV,25.86277155,67.22079500000001,0.84,26.15,89.45417428,62.54582572,Less,31.0,18.0
392,NV,29.3690672,74.16417,0.4,30.0,92.0,55.45385725,No Change,35.0,19.0
393,AC,25.42730805,72.64931200000001,0.28,26.0,90.0,62.0,Less,27.0,4.0
394,AC,25.269263950000003,70.51651765,0.1,26.4,83.0,73.0,More,6.0,1.0
395,AC,24.8110323,70.94870755,0.15,26.45,89.0,60.0,No Change,11.0,2.0
396,AC,24.7381439,64.09495,0.01,25.6,92.0,54.0,No Change,57.0,1.0
397,NV,26.3269892,76.14605789999999,0.38,27.35,89.0,61.0,Less,19.0,18.0
398,AC,25.88930225,68.0987621,0.47,26.5,89.0,54.14254275,No Change,49.0,3.0
399,NV,29.8205519,76.342365,0.11,30.5,93.0,56.0,More,38.0,16.0
400,NV,28.20944595,78.10144500000001,0.08,29.15,91.0,58.0,More,22.0,17.0
401,AC,24.0906477,64.61978239999999,0.1,24.85,89.0,64.0,No Change,46.0,2.0
402,AC,26.4143038,63.468410000000006,0.73,27.05,91.0,55.0,No Change,16.0,4.0
403,NV,29.0374832,75.75785,0.51,29.85,90.0,58.40393321,No Change,38.0,19.0
404,AC,25.0463774,67.89810499999999,0.06,25.75,90.0,60.0,More,29.0,1.0
405,NV,28.8235407,75.06594000000001,0.09,29.65,90.0,57.0,More,14.0,16.0
406,NV,26.7819213,77.79821720000001,0.5,27.85,90.0,59.0,No Change,24.0,18.0
407,AC,25.1756868,69.494475,0.15,26.3,89.0,61.0,No Change,10.0,2.0
408,NV,28.1956412,67.24078,0.11,28.8,93.0,46.0,No Change,43.0,19.0
409,NV,28.4141456,79.98768,0.05,29.5,89.0,64.0,No Change,11.0,16.0
410,AC,25.66527555,75.88525,0.09,27.2,83.0,73.0,More,1.0,2.0
411,AC,25.06855485,71.67338215000001,0.11,26.3,92.0,56.0,More,32.0,1.0
412,NV,27.72413065,75.60469434999999,0.11,28.65,88.83321587,58.0,No Change,50.0,17.0
413,AC,25.7223743,67.601495,0.44,26.1,90.0,55.14502996,No Change,17.0,4.0
414,NV,29.59664415,71.77473,0.76,30.35,92.0,53.0,No Change,58.0,18.0
415,NV,27.70735,77.43589205,1.12,28.55,87.0,66.0,Less,2.0,19.0
416,AC,25.7184444,61.3057957,0.09,25.95,91.0,56.0,More,16.0,2.0
417,AC,25.89784765,78.6051322,0.68,26.9,90.0,61.0,No Change,30.0,4.0
418,NV,26.43474005,73.87907725,0.03,27.35,86.0,63.0,No Change,53.0,16.0
419,AC,24.4892044,69.46825215,0.1,25.5,89.0,64.0,No Change,43.0,1.0
420,NV,25.8066244,70.19372,0.26,26.3,91.0,55.0,No Change,29.0,18.0
421,AC,24.00280475,65.52833275,0.09,25.5,90.0,63.0,No Change,41.0,1.0
422,AC,25.00824545,61.378465000000006,0.09,26.15,90.0,54.0,Less,52.0,1.0
