Mode,Indoor Temp,Indoor Humidity,Air Velocity,Globe Temperature,Outdoor Temp,Outdoor Humidity,Thermal Preference,User Id,Condition
NV,28.8235407,75.06594000000001,0.09,29.65,90.0,57.0,Cooler,15.0,16.0
NV,29.8566381,75.98838275,0.14,30.45,93.0,56.0,Cooler,39.0,16.0
AC,25.198411,67.88993500000001,0.12,26.65,89.0,60.0,No Change,11.0,2.0
NV,28.70465705,74.40958499999999,0.12,29.65,92.0,55.0,Cooler,55.0,16.0
NV,29.34126855,74.28265999999999,0.25,29.95,92.0,56.0,Cooler,34.0,19.0
AC,25.1756868,69.494475,0.15,26.3,89.0,61.0,Cooler,10.0,2.0
AC,25.35836505,68.70704,0.39,25.75,91.0,60.0,Warmer,48.0,4.0
NV,28.5421238,77.79976500000001,0.03,29.65,91.0,58.0,Cooler,35.0,17.0
NV,28.8006992,74.818985,0.13,29.6,94.0,55.0,Cooler,38.0,17.0
AC,25.6745028,71.833585,0.68,26.15,89.0,61.0,No Change,39.0,4.0
NV,28.07866765,73.87162755,1.03,28.85,90.0,56.0,No Change,27.0,19.0
AC,25.6319952,67.8723,0.12,26.3,90.0,60.0,No Change,38.0,4.0
AC,25.4633837,67.5986099,0.38,25.700000000000003,91.0,55.0,No Change,28.0,4.0
NV,27.28426425,77.54482999999999,0.08,28.1,90.0,57.89679308,Cooler,28.0,16.0
AC,24.90279865,68.55191805000001,0.16,26.4,89.0,62.0,Cooler,41.0,1.0
NV,29.51381805,76.483585,1.02,30.200000000000003,92.0,57.0,Cooler,38.0,18.0
NV,27.4584055,74.27718999999999,0.09,28.2,84.0,71.0,No Change,3.0,17.0
NV,27.46960355,76.7434977,0.31,28.45,88.0,60.0,No Change,54.0,19.0
AC,24.6073215,61.33249475,0.17,25.75,90.0,55.0,Warmer,52.0,1.0
AC,26.0074838,73.20605499999999,0.9,26.75,91.0,57.0,No Change,56.0,4.0
NV,25.57442,73.11616000000001,0.12,26.45,87.0,63.0,Cooler,49.0,16.0
NV,27.8988188,73.252155,0.25,28.85,88.0,57.0,Cooler,54.0,17.0
NV,28.19567395,75.3918,0.08,29.0,90.0,59.0,Cooler,25.0,16.0
AC,26.47763395,67.844155,0.47,27.1,90.0,59.0,No Change,39.0,4.0
AC,25.50149345,73.650155,0.15,25.950000000000003,88.61356048,60.0,No Change,38.0,3.0
AC,25.32947065,67.46198695000001,0.3,25.75,91.0,56.09573812,No Change,28.0,3.0
NV,28.0824013,73.87972500000001,0.78,28.85,90.0,56.0,Cooler,28.0,19.0
AC,25.964097950000003,79.176118,0.91,27.0,90.0,61.0,No Change,26.0,4.0
NV,28.899021150000003,77.11800005,0.05,29.700000000000003,90.0,62.0,Cooler,20.0,16.0
AC,25.6632469,76.27038,0.44,26.25,90.0,58.0,No Change,60.0,3.0
NV,28.70016365,68.11952,0.68,29.4,93.0,48.0,Cooler,48.0,17.0
AC,25.68664,65.914108,0.35,26.15,89.0,53.0,No Change,54.0,3.0
NV,28.22226865,79.94888,0.56,29.1,91.0,60.0,No Change,19.0,19.0
NV,29.3854444,74.40034485000001,0.84,30.15,91.0,58.0,No Change,16.0,18.0
NV,28.0564146,78.3970871,0.17,28.95,91.0,57.0,Cooler,22.0,17.0
AC,24.81651195,66.7278222,0.1,26.3,90.0,61.0,Cooler,41.0,2.0
NV,27.81130785,78.54907765,0.65,28.75,88.0,66.0,No Change,4.0,18.0
NV,25.57442,73.11616000000001,0.12,26.45,87.0,63.0,Cooler,51.0,16.0
AC,25.5679827,65.013785,0.45,26.4,89.0,58.0,No Change,50.0,3.0
NV,29.531861300000003,76.4222574,0.27,30.25,92.0,57.0,Cooler,39.0,18.0
NV,27.8988188,73.252155,0.25,28.85,88.0,57.0,Cooler,51.0,17.0
NV,29.401518000000003,73.42459,0.04,30.3,92.0,55.0,Cooler,59.0,16.0
AC,25.68664,65.914108,0.35,26.15,89.0,53.0,No Change,53.0,3.0
NV,27.72413065,75.60469434999999,0.11,28.65,88.83321587,58.0,No Change,49.0,17.0
AC,24.6634434,69.0450629,0.11,25.7,91.0,56.0,No Change,32.0,1.0
NV,28.86610715,75.04375289999999,0.3,29.85,90.0,59.0,Cooler,15.0,17.0
NV,28.34517655,72.80569460000001,0.23,29.1,94.0,56.0,No Change,37.0,17.0
AC,25.2723955,67.95559499999999,0.2,26.3,90.0,59.39999654,Cooler,40.0,3.0
AC,25.6025772,66.32347,0.26,26.35,89.0,58.0,No Change,51.0,3.0
NV,26.7251539,74.8342,0.77,27.65,90.0,63.0,Warmer,32.0,18.0
AC,25.33995055,69.89223785,1.02,25.75,91.0,60.0,Warmer,46.0,4.0
AC,24.8630124,66.83332275000001,0.14,26.3,90.0,61.0,Cooler,38.0,2.0
AC,25.06855485,71.67338215000001,0.11,26.3,92.0,56.0,No Change,32.0,1.0
AC,25.198411,67.88993500000001,0.12,26.65,89.0,60.0,Cooler,8.0,2.0
NV,27.6999254,77.22011499999999,0.05,28.6,90.0,58.0,Cooler,27.0,16.0
AC,25.51420405,75.206395,0.17,26.05,89.0,59.0,Cooler,38.0,3.0
AC,24.4892044,69.46825215,0.1,25.5,89.0,64.0,No Change,48.0,1.0
NV,27.65568925,80.4292079,0.44,28.75,88.0,63.70919532,No Change,12.0,18.0
NV,29.8566381,75.98838275,0.14,30.45,93.0,56.0,Cooler,37.0,16.0
AC,24.831316,72.60397735,0.17,25.950000000000003,92.0,56.0,No Change,26.0,2.0
NV,28.3556118,66.87423795000001,0.2,29.0,94.0,46.0,Cooler,48.0,19.0
AC,25.5452836,57.64316,0.11,26.4,91.0,56.0,No Change,18.0,2.0
AC,25.5681306,74.880505,0.18,26.3,90.0,59.0,No Change,59.0,3.0
AC,25.53432465,66.39678,1.02,26.15,89.0,57.0,No Change,53.0,4.0
AC,25.40398025,60.1743946,0.04,26.0,91.0,56.0,No Change,18.0,2.0
NV,29.3690672,74.16417,0.4,30.0,92.0,55.45385725,Cooler,35.0,19.0
AC,25.7988139,63.931682,0.07,26.85,89.0,57.0,No Change,49.0,2.0
AC,25.3866665,67.38667774999999,0.1,25.8,91.0,56.19074627,No Change,27.0,3.0
NV,27.6431484,76.4995576,1.1,28.5,87.0,67.0,No Change,2.0,19.0
NV,25.57442,73.11616000000001,0.12,26.45,87.0,63.0,No Change,50.0,16.0
NV,29.1148081,74.52970235000001,0.46,30.05,90.83813265,59.0,Cooler,15.0,17.0
AC,27.2626438,82.0086,0.22,28.25,88.0,63.0,No Change,10.0,4.0
AC,24.893710650000003,74.170166,0.04,25.7,91.0,59.0,Cooler,30.0,1.0
NV,27.108918950000003,74.65289,0.03,27.9,82.0,74.0,Cooler,3.0,16.0
AC,25.0099273,60.2925516,0.84,25.5,88.0,62.0,No Change,9.0,4.0
AC,23.89018825,65.62138999999999,0.06,25.25,90.0,62.0,No Change,38.0,2.0
AC,25.2070389,67.25805,0.56,25.65,83.0,73.0,Cooler,5.0,4.0
NV,28.22226865,79.94888,0.56,29.1,91.0,60.0,Cooler,22.0,19.0
AC,24.37329,57.3987461,0.89,24.75,83.0,73.0,No Change,1.0,4.0
AC,24.94427,68.71313,0.06,25.85,89.0,61.0,Cooler,9.0,1.0
AC,25.55142875,75.20024000000001,0.05,26.45,90.0,62.0,No Change,60.0,2.0
AC,25.4045832,75.05785499999999,0.12,26.5,89.60338924,61.0,Cooler,38.0,2.0
NV,27.72992225,77.1736231,0.08,28.6,90.0,58.0,Cooler,28.0,16.0
AC,26.112540000000003,78.21490299999999,0.26,27.25,83.0,73.0,Warmer,3.0,2.0
AC,24.1710491,60.92527965,0.58,24.65,83.0,73.0,Warmer,3.0,4.0
NV,27.5314093,75.8627979,0.15,28.4,86.0,67.0,No Change,2.0,17.0
AC,25.78303335,82.74889,0.78,26.450000000000003,95.0,51.0,No Change,31.0,4.0
AC,25.7988139,63.931682,0.07,26.85,89.0,57.0,Cooler,51.0,2.0
AC,25.83666515,69.80744999999999,0.59,26.55,88.0,63.0,Warmer,12.0,4.0
NV,27.86561895,78.600585,0.4,28.8,88.0,65.0,No Change,2.0,18.0
AC,24.94346715,68.3360921,0.04,25.9,89.0,61.0,No Change,12.0,1.0
NV,28.48635865,66.327095,0.85,29.25,93.0,46.0,Cooler,46.0,18.0
AC,25.0099273,60.2925516,0.84,25.5,88.0,62.0,Warmer,11.0,4.0
AC,25.30867095,67.63329775,0.43,25.700000000000003,91.0,56.0,Cooler,25.0,3.0
AC,24.400237,72.452845,0.18,25.4,87.0,66.94115996,Cooler,22.0,1.0
AC,25.62117765,74.029035,0.71,26.25,92.0,55.95948315,Warmer,55.0,4.0
AC,25.68664,65.914108,0.35,26.15,89.0,53.0,No Change,49.0,3.0
AC,25.4721317,69.6084829,0.71,25.9,87.0,64.05265162,No Change,23.0,4.0
AC,25.19874095,68.78459000000001,0.07,25.9,89.69555292,63.0,Warmer,47.0,2.0
NV,29.8222313,70.75213794999999,0.36,30.5,92.0,53.0,Cooler,56.0,17.0
AC,24.19105095,60.3192787,0.71,24.6,83.0,73.0,No Change,6.0,4.0
AC,24.4040594,69.50583705,0.73,25.25,83.0,73.0,No Change,5.0,4.0
NV,27.86561895,78.600585,0.4,28.8,88.0,65.0,Cooler,6.0,18.0
AC,25.7595011,74.50539805,0.33,26.3,90.0,59.9479563,No Change,55.0,3.0
AC,25.066245,64.676905,0.72,25.35,89.0,61.0,No Change,12.0,4.0
AC,24.010643,64.5948023,0.13,24.8,89.0,64.0,No Change,48.0,2.0
NV,28.411007,73.146215,0.23,29.200000000000003,94.0,55.58012383,Cooler,38.0,17.0
NV,29.59664415,71.77473,0.76,30.35,92.0,53.0,No Change,55.0,18.0
NV,29.28249265,75.3105,0.56,30.1,91.0,58.0,Cooler,41.0,19.0
AC,25.25968695,65.64346795,0.03,26.0,90.0,61.07691803,Cooler,30.0,2.0
NV,28.1936712,74.08189,0.49,28.85,90.0,57.0,No Change,29.0,19.0
NV,28.37111375,75.04097745,0.08,29.25,91.0,58.0,Cooler,25.0,17.0
AC,25.66656895,69.6928669,0.47,26.05,91.0,56.0,No Change,26.0,4.0
AC,25.0134188,65.78278499999999,0.39,25.55,95.0,53.0,No Change,31.0,4.0
AC,24.8110323,70.94870755,0.15,26.45,89.0,60.0,Cooler,8.0,2.0
AC,24.61347865,57.8233537,0.03,25.6,83.0,73.0,No Change,6.0,2.0
AC,25.3045614,76.120945,0.39,26.0,92.0,60.0,No Change,45.0,3.0
AC,25.89085005,64.568505,0.15,26.950000000000003,89.0,55.0,Cooler,49.0,2.0
AC,25.5269273,75.17724000000001,0.05,26.45,90.0,62.94535887,Cooler,56.0,2.0
AC,24.59179495,63.6278339,0.05,25.8,92.0,53.0,No Change,60.0,1.0
AC,25.6716576,70.307565,0.16,26.95,89.0,54.14322106,Cooler,53.0,2.0
NV,27.5154085,78.17699775,0.94,28.3,90.0,61.44420015,Warmer,33.0,18.0
AC,28.0483072,75.18605,1.06,28.9,91.0,55.0,No Change,18.0,4.0
NV,26.841360100000003,75.47432275,0.04,27.95,87.0,62.0,Cooler,52.0,16.0
NV,27.43472765,67.19831464999999,0.24,27.8,94.0,56.0,Cooler,38.0,17.0
AC,25.1756868,69.494475,0.15,26.3,89.0,61.0,Cooler,9.0,2.0
AC,25.3866665,67.38667774999999,0.1,25.8,91.0,56.19074627,No Change,29.0,3.0
AC,25.7659015,74.31389999999999,0.25,26.3,90.0,59.05209725,No Change,58.0,3.0
NV,28.48635865,66.327095,0.85,29.25,93.0,46.0,Cooler,45.0,18.0
AC,25.57991885,66.15097895,0.09,26.15,91.0,57.0,No Change,18.0,1.0
AC,24.59179495,63.6278339,0.05,25.8,92.0,53.0,No Change,57.0,1.0
AC,25.5710974,71.02542,0.23,26.2,89.0,52.0,No Change,51.0,4.0
AC,24.98846825,65.756475,0.29,25.55,95.0,53.0,Warmer,33.0,4.0
AC,25.89784765,78.6051322,0.68,26.9,90.0,61.0,No Change,29.0,4.0
AC,25.0596764,67.46126705,0.11,25.75,90.09168622,60.09168622,No Change,25.0,1.0
NV,27.6887398,79.48061254999999,1.09,28.6,91.0,61.0,No Change,34.0,16.0
NV,26.434361933500004,75.5877384520001,0.2136999999999999,27.352499999999967,89.5702115894,60.769879898000006,Cooler,27.0,17.0
AC,25.6627033,72.98564999999999,0.03,26.55,91.0,58.04668938,Cooler,59.0,2.0
NV,28.34517655,72.80569460000001,0.23,29.1,94.0,56.0,Cooler,39.0,17.0
AC,25.6406717,67.26145555,0.34,26.0,90.0,63.0,No Change,46.0,3.0
NV,27.89164355,80.28480775,0.26,28.75,87.0,67.0,Cooler,7.0,17.0
NV,27.3503275,76.503075,0.72,28.25,87.0,62.0,No Change,50.0,18.0
AC,24.90279865,68.55191805000001,0.16,26.4,89.0,62.0,Warmer,40.0,1.0
AC,25.2201032,61.53530775,0.18,25.8,89.0,57.0,No Change,49.0,4.0
NV,27.89164355,80.28480775,0.26,28.75,87.0,67.0,Cooler,12.0,17.0
AC,26.0074838,73.20605499999999,0.9,26.75,91.0,57.0,Warmer,55.0,4.0
AC,25.15946105,72.66568275,0.16,25.75,93.0,55.0,No Change,35.0,2.0
NV,28.3574657,78.53474715,0.03,29.35,91.0,58.0,Cooler,31.0,17.0
NV,28.91536045,77.2558899,0.07,29.65,90.0,62.0,Cooler,24.0,16.0
AC,25.05597705,75.97229,0.08,25.9,91.0,58.0,Cooler,30.0,1.0
AC,24.6059084,61.2483838,0.12,25.75,90.0,55.0,No Change,51.0,1.0
AC,24.94427,68.71313,0.06,25.85,89.0,61.0,No Change,10.0,1.0
AC,25.269263950000003,70.51651765,0.1,26.4,83.0,73.0,Cooler,6.0,1.0
AC,25.6685343,70.25001710000001,0.61,26.1,91.0,56.0,No Change,25.0,4.0
NV,28.11153,76.09382500000001,0.06,29.0,90.0,58.0,Cooler,30.0,16.0
NV,28.15192415,75.85681,0.11,29.0,90.0,58.89537514,Cooler,28.0,16.0
NV,27.413105,76.757495,1.35,28.35,88.0,61.17269679,No Change,50.0,19.0
NV,28.34041365,74.849875,0.07,29.2,91.0,58.0,No Change,28.0,17.0
AC,23.43789155,66.086117,0.14,24.65,89.0,65.0,No Change,48.0,1.0
AC,25.5167483,76.30568285000001,0.81,26.0,89.0,59.0,No Change,38.0,4.0
AC,26.0074838,73.20605499999999,0.9,26.75,91.0,57.0,No Change,60.0,4.0
AC,25.05919145,71.16364999999999,0.21,26.05,91.0,57.0,No Change,31.0,1.0
AC,25.4722252,69.419885,0.55,26.15,87.0,65.0,Warmer,19.0,4.0
NV,28.5629034,77.64685,0.12,29.700000000000003,91.0,58.0,No Change,33.0,17.0
NV,28.86610715,75.04375289999999,0.3,29.85,90.0,59.0,Cooler,17.0,17.0
NV,29.401518000000003,73.42459,0.04,30.3,92.0,55.0,Cooler,60.0,16.0
NV,29.51381805,76.483585,1.02,30.200000000000003,92.0,57.0,Cooler,40.0,18.0
AC,25.30559445,75.1471522,0.49,25.85,94.0,52.0,Warmer,35.0,4.0
NV,27.832695,68.15968000000001,0.06,28.200000000000003,93.0,47.0,Cooler,48.0,16.0
AC,25.33995055,69.89223785,1.02,25.75,91.0,60.0,Warmer,48.0,4.0
NV,29.16582205,75.45753500000001,0.95,30.0,91.0,58.0,Cooler,39.0,19.0
AC,25.3866665,67.38667774999999,0.1,25.8,91.0,56.19074627,Cooler,25.0,3.0
NV,29.8114805,71.02696499999999,0.15,30.5,92.0,54.0,Cooler,60.0,17.0
AC,24.7260895,62.652446,0.06,25.4,83.0,73.0,Cooler,4.0,2.0
AC,25.77627795,82.95664500000001,0.2,26.450000000000003,94.46253801,51.0,No Change,32.0,4.0
AC,25.7659015,74.31389999999999,0.25,26.3,90.0,59.05209725,No Change,59.0,3.0
AC,25.27756195,67.9945975,0.23,26.3,90.0,59.0,No Change,37.0,3.0
NV,27.98451805,80.74121305,0.19,28.8,87.28795519,66.0,No Change,11.0,17.0
AC,24.87424925,66.87863,0.02,25.55,90.0,64.0,No Change,43.0,2.0
AC,25.6632469,76.27038,0.44,26.25,90.0,58.0,No Change,55.0,3.0
NV,28.21353055,78.44533000000001,1.12,29.15,91.0,58.0,No Change,32.0,16.0
AC,24.89887235,69.08858000000001,0.17,25.8,93.0,55.0,Warmer,33.0,3.0
AC,26.07436085,60.6611691,0.09,26.95,90.0,56.0,Cooler,17.0,2.0
NV,28.70465705,74.40958499999999,0.12,29.65,92.0,55.0,Warmer,57.0,16.0
NV,27.3822107,77.68903,0.44,28.25,90.0,62.0,No Change,36.0,18.0
AC,24.60210785,71.29817785,0.03,25.35,87.0,65.0,Cooler,24.0,1.0
AC,25.2350195,67.90704500000001,0.09,26.15,90.0,60.0,No Change,37.0,3.0
NV,29.0910797,75.31185500000001,0.21,29.95,92.0,56.0,Cooler,35.0,19.0
AC,25.40800285,68.41628,0.04,26.3,90.0,60.0,Cooler,41.0,3.0
NV,25.86277155,67.22079500000001,0.84,26.15,89.45417428,62.54582572,No Change,31.0,18.0
AC,26.22435675,78.84082000000001,0.53,27.35,83.0,73.0,Cooler,6.0,2.0
AC,25.53432465,66.39678,1.02,26.15,89.0,57.0,No Change,54.0,4.0
NV,27.55629415,80.609325,0.77,28.700000000000003,87.29273694,63.29273694,Cooler,10.0,18.0
AC,25.28062725,69.71822789999999,0.19,26.3,89.0,61.0,Cooler,7.0,1.0
NV,29.7756462,71.74289305,0.13,30.4,92.0,55.0,Cooler,59.0,17.0
NV,28.6000843,77.07266,0.04,29.6,91.0,59.0,Cooler,23.0,16.0
AC,24.77680445,68.98632,0.13,25.8,91.0,55.0,No Change,26.0,2.0
AC,25.5631175,64.94058000000001,0.33,26.4,89.0,58.0,No Change,52.0,3.0
AC,25.14501855,71.93512,0.66,25.75,94.0,53.0,Warmer,36.0,4.0
AC,25.6985817,63.79725075,0.11,25.9,91.0,56.15293706,No Change,14.0,2.0
AC,25.4624636,64.32089210000001,0.79,26.3,89.0,58.0,No Change,51.0,4.0
AC,29.2042246,76.43486999999999,0.48,30.0,87.63262761,58.0,Cooler,18.0,4.0
AC,25.67965695,73.81219999999999,0.34,26.4,91.0,59.0,No Change,56.0,3.0
AC,25.5058241,65.31376,0.37,26.3,89.0,58.0,No Change,49.0,3.0
AC,24.69044305,69.27887,0.04,25.7,91.0,56.47476051,No Change,31.0,1.0
NV,28.10838415,67.471385,0.37,28.7,93.0,46.0,Cooler,45.0,19.0
AC,27.36964795,81.37462500000001,0.38,28.35,88.0,63.0,Cooler,8.0,4.0
NV,28.22226865,79.94888,0.56,29.1,91.0,60.0,No Change,24.0,19.0
NV,28.1956412,67.24078,0.11,28.8,93.0,46.0,Cooler,45.0,19.0
NV,28.84089085,76.13239215,0.03,29.9,92.0,56.0,Cooler,35.0,17.0
AC,25.706242,67.161445,0.1,26.15,91.0,57.0,No Change,16.0,1.0
NV,26.6446638,73.21355,0.02,27.5,82.0,76.0,Cooler,3.0,16.0
NV,29.1541548,75.44713999999999,0.97,30.05,91.0,58.0,Cooler,41.0,19.0
AC,24.69094945,64.04914875,0.03,25.700000000000003,92.0,54.03383261,Cooler,56.0,1.0
AC,23.50389215,65.75912,0.15,24.65,89.0,65.0,Cooler,45.0,1.0
AC,25.3814669,67.28068999999999,0.29,25.75,91.0,56.0,No Change,30.0,3.0
AC,27.60513115,79.99469500000001,0.38,28.25,93.0,55.0,No Change,31.0,3.0
AC,24.8467121,73.885195,0.04,25.7,91.0,59.0,No Change,28.0,1.0
NV,29.16582205,75.45753500000001,0.95,30.0,91.0,58.0,No Change,37.0,19.0
AC,24.89887235,69.08858000000001,0.17,25.8,93.0,55.0,No Change,34.0,3.0
AC,25.15946105,72.66568275,0.16,25.75,93.0,55.0,No Change,34.0,2.0
AC,25.51999855,68.14429,0.22,26.3,90.0,60.0,No Change,42.0,3.0
AC,25.1409359,72.33161,0.05,26.450000000000003,92.0,56.0,No Change,32.0,2.0
AC,24.8117132,61.63976285,0.72,25.65,83.0,73.0,Warmer,3.0,4.0
NV,29.6942501,76.95306015,0.67,30.35,93.0,57.0,Cooler,38.0,18.0
AC,25.4416881,81.129065,0.72,26.1,95.0,51.46150004,No Change,32.0,4.0
AC,25.43798545,67.443635,0.48,25.700000000000003,91.0,55.0,No Change,25.0,4.0
AC,25.7184444,61.3057957,0.09,25.95,91.0,56.0,Warmer,15.0,2.0
AC,25.2204294,69.73222255,0.17,26.35,89.0,61.0,Cooler,9.0,1.0
AC,25.4869926,73.397505,0.19,25.9,88.0,61.0,Cooler,40.0,3.0
NV,28.65853345,67.14589000000001,0.69,29.45,93.0,47.0,Cooler,43.0,17.0
AC,24.68672655,64.7097428,0.03,25.5,87.0,64.0,Cooler,19.0,2.0
AC,25.16606845,67.43979,0.82,25.75,90.0,61.09088959,Warmer,28.0,4.0
NV,28.33899975,78.517155,0.05,29.3,91.0,58.0,Cooler,34.0,17.0
AC,25.44734,67.6346027,1.04,25.85,91.0,60.0,Warmer,48.0,4.0
NV,26.6446638,73.21355,0.02,27.5,82.0,76.0,Cooler,6.0,16.0
AC,25.6685343,70.25001710000001,0.61,26.1,91.0,56.0,No Change,27.0,4.0
NV,29.1148081,74.52970235000001,0.46,30.05,90.83813265,59.0,Cooler,14.0,17.0
AC,24.86395285,71.27894,0.15,26.4,88.0,60.0,No Change,9.0,2.0
AC,25.2760258,76.474795,0.03,26.15,93.0,58.0,No Change,36.0,2.0
AC,25.40398025,60.1743946,0.04,26.0,91.0,56.0,Cooler,17.0,2.0
NV,27.76193445,78.514075,0.25,28.7,87.0,65.0,No Change,3.0,18.0
AC,25.51388645,74.94691465,0.18,26.0,88.61178068,59.38821932,Cooler,42.0,3.0
NV,26.43474005,73.87907725,0.03,27.35,86.0,63.0,Cooler,54.0,16.0
NV,29.55438615,72.80058305,0.09,30.35,92.0,55.0,Cooler,56.0,16.0
NV,29.34126855,74.28265999999999,0.25,29.95,92.0,56.0,Cooler,31.0,19.0
AC,25.7322636,73.4199873,0.78,26.25,91.0,57.0,No Change,58.0,4.0
AC,25.6104712,60.81998,0.15,26.05,89.0,63.0,No Change,30.0,3.0
AC,25.66198,76.25338735,0.22,26.25,90.0,58.0,No Change,58.0,3.0
AC,25.2951131,72.53571295,0.12,26.0,93.0,56.52934892,Cooler,34.0,3.0
AC,24.37329,57.3987461,0.89,24.75,83.0,73.0,No Change,6.0,4.0
AC,25.6314656,67.09447,0.44,26.0,90.0,62.69769353,No Change,45.0,3.0
NV,28.11153,76.09382500000001,0.06,29.0,90.0,58.0,Cooler,27.0,16.0
AC,24.0617094,65.2737846,0.17,25.2,87.0,66.0,No Change,20.0,2.0
AC,25.0224695,62.74987635,0.81,25.0,89.0,62.0,Cooler,8.0,4.0
AC,25.3866665,67.38667774999999,0.1,25.8,91.0,56.19074627,No Change,26.0,3.0
NV,29.70415215,71.47286,0.41,30.35,92.0,54.0,No Change,60.0,18.0
AC,25.5805779,71.40130694999999,0.13,26.1,89.0,63.0,No Change,42.0,2.0
AC,25.6716576,70.307565,0.16,26.95,89.0,54.14322106,No Change,54.0,2.0
NV,28.97388325,75.5851074,0.36,29.65,89.0,59.0,No Change,18.0,19.0
AC,24.6106377,69.597665,0.06,25.95,93.0,53.0,Cooler,43.0,2.0
NV,27.54382515,75.882295,0.44,28.4,86.40827744,67.0,No Change,3.0,17.0
AC,25.4374294,69.43149,0.37,25.95,87.0,64.0,Warmer,19.0,4.0
NV,28.84089085,76.13239215,0.03,29.9,92.0,56.0,Cooler,36.0,17.0
NV,27.4584055,74.27718999999999,0.09,28.2,84.0,71.0,No Change,2.0,17.0
AC,24.733455,69.976585,0.15,26.4,90.0,60.0,No Change,39.0,2.0
NV,28.1936712,74.08189,0.49,28.85,90.0,57.0,No Change,27.0,19.0
AC,25.5058241,65.31376,0.37,26.3,89.0,58.0,No Change,53.0,3.0
NV,29.28249265,75.3105,0.56,30.1,91.0,58.0,Cooler,42.0,19.0
AC,24.70157335,65.082545,0.09,25.65,89.0,61.0,Cooler,8.0,1.0
AC,25.5269273,75.17724000000001,0.05,26.45,90.0,62.94535887,Cooler,55.0,2.0
AC,25.55345915,75.55536205,0.08,27.15,83.0,73.0,No Change,2.0,2.0
AC,25.6745028,71.833585,0.68,26.15,89.0,61.0,No Change,38.0,4.0
AC,25.19874095,68.78459000000001,0.07,25.9,89.69555292,63.0,Cooler,43.0,2.0
AC,25.51706695,76.32262,0.71,26.0,88.38884606,59.61115394,Cooler,40.0,4.0
AC,25.58443,72.9034225,0.61,26.3,89.0,52.86264799,No Change,53.0,4.0
AC,24.201829,68.429675,0.12,25.25,87.0,66.0,No Change,22.0,1.0
NV,29.28249265,75.3105,0.56,30.1,91.0,58.0,No Change,37.0,19.0
AC,25.2849809,72.16737499999999,0.13,26.0,93.0,56.0,No Change,33.0,3.0
AC,25.422402400000003,77.39952274999999,0.13,26.2,89.0,62.0,Cooler,60.0,2.0
AC,24.2068288,67.79967500000001,0.06,25.25,87.0,66.0,No Change,19.0,1.0
NV,27.65568925,80.4292079,0.44,28.75,88.0,63.70919532,Cooler,8.0,18.0
AC,24.0906477,64.61978239999999,0.1,24.85,89.0,64.0,Cooler,43.0,2.0
NV,28.4141456,79.98768,0.05,29.5,89.0,64.0,Cooler,7.0,16.0
NV,28.3461914,73.937405,0.54,29.3,92.0,55.0,No Change,59.0,19.0
AC,25.8863735,72.66152,0.03,26.9,91.0,57.0,No Change,57.0,2.0
AC,26.0289812,73.44053255,0.88,26.75,91.0,57.0,No Change,58.0,4.0
NV,29.59664415,71.77473,0.76,30.35,92.0,53.0,Cooler,59.0,18.0
NV,27.81130785,78.54907765,0.65,28.75,88.0,66.0,Cooler,5.0,18.0
NV,28.65853345,67.14589000000001,0.69,29.45,93.0,47.0,Cooler,45.0,17.0
AC,25.7988139,63.931682,0.07,26.85,89.0,57.0,Cooler,54.0,2.0
AC,27.60513115,79.99469500000001,0.38,28.25,93.0,55.0,No Change,35.0,3.0
NV,28.21487115,80.53101,0.09,29.1,88.0,66.0,Cooler,10.0,16.0
NV,27.46960355,76.7434977,0.31,28.45,88.0,60.0,No Change,53.0,19.0
NV,27.90806575,73.04190775000001,0.63,29.0,92.0,54.0,Cooler,60.0,19.0
AC,25.80401335,63.9229383,0.04,26.85,89.0,58.0,No Change,52.0,2.0
AC,25.3587227,71.63694275,0.03,26.25,87.0,64.05443001,No Change,20.0,2.0
AC,24.400237,72.452845,0.18,25.4,87.0,66.94115996,No Change,24.0,1.0
AC,25.66198,76.25338735,0.22,26.25,90.0,58.0,No Change,57.0,3.0
AC,24.9865618,62.1965561,0.08,25.85,89.0,62.0,No Change,29.0,3.0
AC,25.69550105,75.77646715,0.33,26.25,90.0,58.0,Warmer,59.0,3.0
NV,28.8235407,75.06594000000001,0.09,29.65,90.0,57.0,Cooler,16.0,16.0
NV,28.48635865,66.327095,0.85,29.25,93.0,46.0,No Change,48.0,18.0
NV,28.34517655,72.80569460000001,0.23,29.1,94.0,56.0,Cooler,40.0,17.0
AC,26.4589215,67.20384,0.73,26.9,91.0,56.0,Warmer,16.0,4.0
AC,25.3176384,74.67751000000001,0.31,25.85,92.0,59.0,No Change,48.0,3.0
AC,24.831316,72.60397735,0.17,25.950000000000003,92.0,56.0,Cooler,29.0,2.0
AC,25.441961300000003,77.48910795,0.07,26.1,89.0,62.94420483,No Change,59.0,2.0
AC,24.97546195,67.8532773,0.03,25.700000000000003,89.0,63.0,No Change,42.0,2.0
AC,24.7689409,72.381058,0.08,26.05,93.0,53.0,Cooler,48.0,2.0
NV,25.61384205,65.68623,0.67,25.950000000000003,90.0,62.0,No Change,33.0,18.0
AC,25.54381275,65.90142265,0.04,26.2,90.0,60.07728641,No Change,26.0,2.0
AC,25.5058241,65.31376,0.37,26.3,89.0,58.0,No Change,54.0,3.0
AC,24.45572565,70.36086,0.86,25.25,83.0,73.0,No Change,4.0,4.0
AC,25.32947065,67.46198695000001,0.3,25.75,91.0,56.09573812,No Change,27.0,3.0
NV,27.43472765,67.19831464999999,0.24,27.8,94.0,56.0,No Change,37.0,17.0
AC,24.61932565,69.35017285,0.06,25.9,93.0,53.0,No Change,48.0,2.0
AC,24.833147500000003,66.53054,0.44,25.45,89.0,63.0,Warmer,20.0,4.0
NV,29.8566381,75.98838275,0.14,30.45,93.0,56.0,Cooler,42.0,16.0
AC,25.8911167,64.74155705,0.06,26.950000000000003,89.0,55.0,No Change,52.0,2.0
NV,27.4256592,76.77550274999999,1.01,28.35,88.0,62.0,Cooler,52.0,19.0
NV,28.2101202,78.130925,0.37,29.15,91.0,58.0,Cooler,19.0,17.0
AC,25.6104712,60.81998,0.15,26.05,89.0,63.0,No Change,29.0,3.0
AC,25.53432465,66.39678,1.02,26.15,89.0,57.0,No Change,52.0,4.0
AC,25.83666515,69.80744999999999,0.59,26.55,88.0,63.0,No Change,10.0,4.0
AC,24.6038218,63.8849528,0.3,25.25,90.0,62.0,Warmer,19.0,4.0
AC,25.1209661,67.08568955,0.17,26.05,89.0,61.71166203,No Change,9.0,4.0
NV,27.54382515,75.882295,0.44,28.4,86.40827744,67.0,Cooler,5.0,17.0
NV,29.5848684,76.182995,0.05,30.35,94.0,56.0,No Change,37.0,16.0
AC,25.8022413,73.48357010000001,0.15,26.35,93.0,54.0,No Change,34.0,2.0
AC,25.6745028,71.833585,0.68,26.15,89.0,61.0,No Change,37.0,4.0
AC,25.2760258,76.474795,0.03,26.15,93.0,58.0,No Change,32.0,2.0
NV,25.36351205,69.883087,0.1,25.950000000000003,93.0,52.0,No Change,45.0,16.0
AC,25.5028107,73.72965500000001,0.54,26.0,89.0,60.0,No Change,37.0,3.0
NV,28.741795,68.9538,0.52,29.6,93.0,49.0,Cooler,43.0,17.0
AC,26.4143038,63.468410000000006,0.73,27.05,91.0,55.0,No Change,18.0,4.0
NV,29.736228,71.6406024,0.21,30.4,92.0,54.0,Cooler,60.0,17.0
AC,25.4852362,72.59637000000001,0.6,26.05,89.0,52.0,Warmer,50.0,4.0
AC,24.6089378,72.25677300000001,0.05,26.0,93.0,53.0,No Change,46.0,2.0
NV,29.1448517,74.22372195,0.1,29.9,90.0,59.0,Cooler,18.0,16.0
AC,25.60297,57.7773838,0.1,26.5,90.0,56.0,No Change,16.0,2.0
NV,27.070087450000003,74.55201,0.07,27.9,82.0,74.0,Cooler,1.0,16.0
NV,26.70016575,73.22154795,0.04,27.6,82.0,76.0,No Change,2.0,16.0
AC,24.0617094,65.2737846,0.17,25.2,87.0,66.0,Cooler,22.0,2.0
AC,25.5167483,76.30568285000001,0.81,26.0,89.0,59.0,No Change,42.0,4.0
AC,25.28754405,69.90267,0.34,25.85,91.0,58.0,Cooler,30.0,3.0
AC,28.0483072,75.18605,1.06,28.9,91.0,55.0,No Change,14.0,4.0
AC,25.65818115,76.202395,0.33,26.2,90.0,58.0,Cooler,56.0,3.0
NV,27.71040535,79.386945,1.23,28.65,91.0,61.0,No Change,33.0,16.0
NV,28.6000843,77.07266,0.04,29.6,91.0,59.0,Cooler,19.0,16.0
AC,25.2350195,67.90704500000001,0.09,26.15,90.0,60.0,Cooler,40.0,3.0
NV,27.40682605,76.748495,1.02,28.3,88.0,61.82525061,No Change,53.0,19.0
AC,25.29827595,65.68046705,0.03,26.0,90.0,60.07665772,Cooler,25.0,2.0
NV,28.0824013,73.87972500000001,0.78,28.85,90.0,56.0,No Change,29.0,19.0
AC,25.6025772,66.32347,0.26,26.35,89.0,58.0,No Change,54.0,3.0
NV,28.34041365,74.849875,0.07,29.2,91.0,58.0,Cooler,30.0,17.0
AC,24.845932,71.195115,0.08,26.45,89.0,60.0,No Change,10.0,2.0
NV,28.70465705,74.40958499999999,0.12,29.65,92.0,55.0,Cooler,59.0,16.0
NV,28.70016365,68.11952,0.68,29.4,93.0,48.0,Cooler,46.0,17.0
AC,25.00824545,61.378465000000006,0.09,26.15,90.0,54.0,No Change,54.0,1.0
AC,25.4624636,64.32089210000001,0.79,26.3,89.0,58.0,No Change,52.0,4.0
AC,24.8261671,70.32521215,0.11,25.55,93.0,54.0,No Change,36.0,2.0
NV,28.2296936,79.77403000000001,0.54,29.1,90.95917264,60.0,No Change,24.0,19.0
NV,27.9270697,78.45029,0.68,28.95,91.0,58.0,No Change,36.0,16.0
AC,25.2951131,72.53571295,0.12,26.0,93.0,56.52934892,No Change,32.0,3.0
NV,28.1482096,74.46728745,0.25,29.05,90.0,57.86501955,Cooler,30.0,17.0
NV,28.741795,68.9538,0.52,29.6,93.0,49.0,Cooler,46.0,17.0
AC,25.12966155,67.89088000000001,0.35,25.65,95.0,53.0,No Change,32.0,4.0
AC,25.42730805,72.64931200000001,0.28,26.0,90.0,62.0,No Change,30.0,4.0
NV,29.44348435,74.049395,0.86,30.2,89.0,58.0,No Change,16.0,18.0
AC,25.850986,77.13069229999999,1.02,26.35,89.0,63.94191481,No Change,60.0,4.0
AC,24.10182595,65.3353073,0.11,25.5,90.0,63.0,Cooler,42.0,1.0
AC,25.6525,66.83991499999999,0.18,26.0,90.0,63.0,No Change,47.0,3.0
AC,24.59293785,72.04427785,0.09,26.0,93.0,53.0,Cooler,43.0,2.0
AC,25.7857256,73.1514,0.1,26.75,91.0,59.0,No Change,56.0,2.0
AC,26.22435675,78.84082000000001,0.53,27.35,83.0,73.0,Cooler,2.0,2.0
AC,28.02454665,70.03412209999999,0.45,29.3,90.0,59.0,No Change,37.0,4.0
AC,24.87424925,66.87863,0.02,25.55,90.0,64.0,Warmer,47.0,2.0
AC,24.63644505,69.00406269999999,0.03,25.65,91.0,56.0,No Change,35.0,1.0
AC,24.70157335,65.082545,0.09,25.65,89.0,61.0,No Change,11.0,1.0
AC,25.33767755,70.15342000000001,0.37,25.8,91.0,59.0,No Change,45.0,4.0
NV,27.65568925,80.4292079,0.44,28.75,88.0,63.70919532,No Change,11.0,18.0
AC,25.5681306,74.880505,0.18,26.3,90.0,59.0,No Change,57.0,3.0
NV,28.0564146,78.3970871,0.17,28.95,91.0,57.0,No Change,24.0,17.0
AC,24.6059084,61.2483838,0.12,25.75,90.0,55.0,No Change,50.0,1.0
AC,25.850986,77.13069229999999,1.02,26.35,89.0,63.94191481,No Change,59.0,4.0
NV,28.10838415,67.471385,0.37,28.7,93.0,46.0,No Change,47.0,19.0
NV,29.4187776,73.93766,0.37,30.2,91.0,58.0,Cooler,14.0,17.0
AC,25.9479208,64.8530197,0.1,27.35,90.0,53.0,No Change,50.0,1.0
AC,25.53432465,66.39678,1.02,26.15,89.0,57.0,No Change,51.0,4.0
NV,29.0910797,75.31185500000001,0.21,29.95,92.0,56.0,Cooler,32.0,19.0
AC,25.5164309,76.25019,0.87,26.0,88.61112419,59.0,No Change,39.0,4.0
NV,27.14934825,75.17565,0.48,28.05,87.0,62.0,No Change,49.0,18.0
NV,28.70394835,68.168415,0.25,29.4,93.0,48.0,No Change,43.0,17.0
AC,24.7689409,72.381058,0.08,26.05,93.0,53.0,No Change,46.0,2.0
AC,24.831316,72.60397735,0.17,25.950000000000003,92.0,56.0,No Change,28.0,2.0
AC,25.88930225,68.0987621,0.47,26.5,89.0,54.14254275,No Change,54.0,3.0
AC,25.77466775,74.94054,0.19,26.6,90.0,62.0,Cooler,55.0,2.0
AC,24.0906477,64.61978239999999,0.1,24.85,89.0,64.0,Cooler,45.0,2.0
AC,25.25968695,65.64346795,0.03,26.0,90.0,61.07691803,No Change,26.0,2.0
AC,24.010643,64.5948023,0.13,24.8,89.0,64.0,Warmer,47.0,2.0
NV,27.14934825,75.17565,0.48,28.05,87.0,62.0,No Change,53.0,18.0
AC,25.28754405,69.90267,0.34,25.85,91.0,58.0,No Change,29.0,3.0
NV,29.36279875,76.33971700000001,0.16,30.200000000000003,91.59080629,58.0,Cooler,42.0,18.0
AC,25.58442785,74.02203499999999,0.39,26.25,92.0,55.0,No Change,56.0,4.0
NV,27.28127195,75.60906,0.44,28.1,87.0,61.0,No Change,49.0,18.0
NV,26.64318375,77.81644,0.34,27.8,89.0,61.0,No Change,12.0,19.0
NV,28.65853345,67.14589000000001,0.69,29.45,93.0,47.0,Cooler,48.0,17.0
AC,25.338814,70.02283,1.07,25.75,91.0,59.70249316,Warmer,43.0,4.0
NV,27.5097694,71.02812499999999,1.15,28.35,92.0,55.0,No Change,57.0,19.0
AC,24.845932,71.195115,0.08,26.45,89.0,60.0,No Change,12.0,2.0
AC,24.8467121,73.885195,0.04,25.7,91.0,59.0,Cooler,25.0,1.0
NV,27.6999254,77.22011499999999,0.05,28.6,90.0,58.0,Cooler,30.0,16.0
NV,29.59664415,71.77473,0.76,30.35,92.0,53.0,No Change,57.0,18.0
AC,24.845932,71.195115,0.08,26.45,89.0,60.0,No Change,11.0,2.0
AC,25.57848805,69.79694,0.22,26.05,89.0,53.0,No Change,50.0,3.0
AC,25.44734,67.6346027,1.04,25.85,91.0,60.0,Warmer,43.0,4.0
NV,28.4141456,79.98768,0.05,29.5,89.0,64.0,No Change,11.0,16.0
NV,28.1956412,67.24078,0.11,28.8,93.0,46.0,Cooler,43.0,19.0
NV,29.56732295,71.854015,0.16,30.35,92.0,53.0,Cooler,56.0,18.0
NV,28.4141456,79.98768,0.05,29.5,89.0,64.0,Cooler,12.0,16.0
NV,29.53199105,76.24749215,0.03,30.3,94.0,55.41261049,Cooler,42.0,16.0
AC,24.19105095,60.3192787,0.71,24.6,83.0,73.0,No Change,1.0,4.0
AC,24.96351525,65.84551215,0.55,25.55,94.46680678,53.53319322,Warmer,32.0,4.0
AC,25.534716600000003,76.0189478,0.07,26.55,92.0,56.0,No Change,33.0,2.0
NV,29.51381805,76.483585,1.02,30.200000000000003,92.0,57.0,No Change,37.0,18.0
NV,29.79211235,71.031425,0.8,30.45,92.0,54.0,Cooler,59.0,18.0
AC,25.00824545,61.378465000000006,0.09,26.15,90.0,54.0,No Change,50.0,1.0
AC,25.4633837,67.5986099,0.38,25.700000000000003,91.0,55.0,Warmer,30.0,4.0
NV,29.476764,74.0503044,0.18,30.1,92.0,56.0,No Change,33.0,19.0
AC,25.1351478,64.30150735,0.33,25.700000000000003,89.92382406,60.07617594,Cooler,25.0,3.0
NV,27.966715800000003,78.61557795,0.7,28.85,88.0,65.0,No Change,1.0,18.0
AC,25.46557855,77.5171,0.09,26.05,89.0,63.0,No Change,57.0,2.0
AC,26.1032356,70.59358,0.6,26.35,90.0,55.0,No Change,17.0,4.0
AC,25.13580415,69.39619445,0.37,25.700000000000003,95.0,53.0,No Change,35.0,4.0
AC,25.5875284,70.96835999999999,0.23,26.2,89.0,52.0,No Change,50.0,4.0
NV,28.01011355,80.69563295,0.24,28.85,88.0,66.0,Cooler,7.0,17.0
NV,27.70735,77.43589205,1.12,28.55,87.0,66.0,No Change,2.0,19.0
AC,25.58443,72.9034225,0.61,26.3,89.0,52.86264799,Warmer,52.0,4.0
AC,25.0311899,71.0676473,0.05,26.05,91.0,57.0,No Change,32.0,1.0
AC,27.36964795,81.37462500000001,0.38,28.35,88.0,63.0,No Change,11.0,4.0
NV,28.3410711,66.894015,0.1,29.0,93.27948813,46.72051187,No Change,47.0,19.0
AC,25.27770045,73.98545,0.3,25.75,92.0,58.0,No Change,48.0,3.0
AC,25.2070389,67.25805,0.56,25.65,83.0,73.0,Warmer,3.0,1.0
NV,27.54382515,75.882295,0.44,28.4,86.40827744,67.0,Cooler,6.0,17.0
AC,25.5759325,75.253985,0.08,26.45,90.0,62.0,Cooler,58.0,2.0
AC,25.89784765,78.6051322,0.68,26.9,90.0,61.0,No Change,25.0,4.0
AC,25.7988139,63.931682,0.07,26.85,89.0,57.0,No Change,50.0,2.0
NV,29.53199105,76.24749215,0.03,30.3,94.0,55.41261049,Cooler,40.0,16.0
NV,28.3860197,74.00213,0.85,29.3,92.0,55.0,No Change,55.0,19.0
AC,25.5228548,81.233565,0.39,26.1,95.0,51.0,No Change,31.0,4.0
NV,27.74478435,80.34176,0.23,28.700000000000003,87.0,67.0,Cooler,9.0,17.0
AC,24.124245,62.071380000000005,0.09,24.9,89.0,62.0,No Change,23.0,2.0
NV,28.799171450000003,76.13997735,1.62,29.65,91.0,59.0,No Change,17.0,19.0
AC,25.52099035,67.15142700000001,0.25,25.9,90.69874187,61.0,No Change,43.0,3.0
AC,25.7184444,61.3057957,0.09,25.95,91.0,56.0,No Change,16.0,2.0
NV,28.3676427,74.870995,0.14,29.2,91.0,58.0,Cooler,29.0,17.0
AC,26.2560186,65.42827985,0.09,27.75,89.0,53.0,No Change,49.0,1.0
AC,25.6525,66.83991499999999,0.18,26.0,90.0,63.0,No Change,45.0,3.0
AC,25.7223743,67.601495,0.44,26.1,90.0,55.14502996,No Change,17.0,4.0
NV,29.80188655,70.9149377,0.77,30.45,92.0,54.0,Cooler,56.0,18.0
NV,29.37174225,76.40110795,0.75,30.200000000000003,92.0,58.0,No Change,37.0,18.0
AC,25.51420405,75.206395,0.17,26.05,89.0,59.0,Cooler,39.0,3.0
NV,27.29382705,75.76189,0.58,28.1,87.0,61.0,No Change,51.0,18.0
NV,29.32160185,75.236575,0.71,30.1,91.0,59.0,No Change,18.0,18.0
AC,24.8261671,70.32521215,0.11,25.55,93.0,54.0,No Change,31.0,2.0
AC,24.82069875,70.0346451,0.12,25.5,93.0,53.4558831,No Change,34.0,2.0
NV,25.42576315,72.90166500000001,0.07,26.35,87.0,63.0,Cooler,54.0,16.0
NV,28.3198684,78.718805,0.09,29.3,90.95943823,59.0,Cooler,19.0,16.0
NV,29.13755095,75.01255499999999,0.78,29.65,90.16488071,59.0,No Change,18.0,19.0
NV,27.6431484,76.4995576,1.1,28.5,87.0,67.0,Cooler,5.0,19.0
AC,24.68672655,64.7097428,0.03,25.5,87.0,64.0,No Change,20.0,2.0
AC,24.37159185,63.2592831,0.11,24.8,89.0,62.0,Cooler,22.0,2.0
AC,25.4883105,73.39035000000001,0.21,25.85,88.0,61.6148999,No Change,37.0,3.0
AC,26.1032356,70.59358,0.6,26.35,90.0,55.0,No Change,14.0,4.0
NV,27.16748335,71.1531128,0.09,27.35,93.0,50.71493106,Cooler,46.0,16.0
NV,27.8988188,73.252155,0.25,28.85,88.0,57.0,Cooler,53.0,17.0
NV,27.76193445,78.514075,0.25,28.7,87.0,65.0,No Change,4.0,18.0
AC,25.33085725,72.80657,0.74,25.85,91.0,58.0,No Change,47.0,4.0
AC,25.29846575,63.532636700000005,0.12,25.95,91.0,56.84953679,No Change,18.0,1.0
NV,28.3573275,73.97078295,1.03,29.0,90.0,57.0,No Change,29.0,19.0
AC,25.4722252,69.419885,0.55,26.15,87.0,65.0,No Change,22.0,4.0
NV,27.4584055,74.27718999999999,0.09,28.2,84.0,71.0,Cooler,4.0,17.0
AC,25.6877172,67.0559,0.12,26.0,90.0,63.0,No Change,46.0,3.0
NV,27.3503275,76.503075,0.72,28.25,87.0,62.0,No Change,49.0,18.0
NV,28.1659335,78.43466225,0.34,29.05,91.0,58.0,Warmer,36.0,16.0
NV,27.4778919,75.31259,0.34,28.25,86.0,68.0,Cooler,6.0,17.0
AC,23.8663406,65.07080500000001,0.13,25.3,90.0,62.0,Cooler,42.0,1.0
AC,26.02596,67.20779,0.56,26.450000000000003,90.0,60.0,No Change,39.0,4.0
AC,25.15946105,72.66568275,0.16,25.75,93.0,55.0,Warmer,32.0,2.0
AC,25.6716576,70.307565,0.16,26.95,89.0,54.14322106,Cooler,49.0,2.0
AC,26.47763395,67.844155,0.47,27.1,90.0,59.0,No Change,38.0,4.0
NV,28.86610715,75.04375289999999,0.3,29.85,90.0,59.0,Cooler,14.0,17.0
AC,24.79250525,67.83778,0.05,26.3,89.0,62.0,Cooler,38.0,1.0
AC,24.37159185,63.2592831,0.11,24.8,89.0,62.0,Cooler,19.0,2.0
NV,27.46960355,76.7434977,0.31,28.45,88.0,60.0,No Change,51.0,19.0
AC,25.12966155,67.89088000000001,0.35,25.65,95.0,53.0,Warmer,36.0,4.0
AC,24.70157335,65.082545,0.09,25.65,89.0,61.0,Cooler,12.0,1.0
NV,26.7819213,77.79821720000001,0.5,27.85,90.0,59.0,No Change,19.0,18.0
NV,25.6596031,69.50813725,0.38,26.1,91.0,54.89796923,No Change,27.0,18.0
NV,27.47914,74.836895,0.22,28.15,85.0,70.0,Cooler,6.0,17.0
AC,25.534716600000003,76.0189478,0.07,26.55,92.0,56.0,No Change,31.0,2.0
AC,25.2723955,67.95559499999999,0.2,26.3,90.0,59.39999654,No Change,41.0,3.0
AC,25.6627033,72.98564999999999,0.03,26.55,91.0,58.04668938,Cooler,58.0,2.0
AC,25.7595011,74.50539805,0.33,26.3,90.0,59.9479563,No Change,60.0,3.0
NV,27.4778919,75.31259,0.34,28.25,86.0,68.0,No Change,1.0,17.0
NV,29.7756462,71.74289305,0.13,30.4,92.0,55.0,Cooler,55.0,17.0
AC,25.0258357,68.469595,0.15,25.8,89.0,63.0,No Change,39.0,2.0
NV,29.80250835,76.51935,0.13,30.45,93.0,56.40988438,Cooler,41.0,16.0
AC,24.89887235,69.08858000000001,0.17,25.8,93.0,55.0,No Change,32.0,3.0
NV,29.07201785,73.97003555,0.06,30.05,92.0,56.0,Cooler,58.0,16.0
AC,24.52256165,66.73265075,0.09,25.1,87.0,64.0,No Change,20.0,2.0
AC,25.2951131,72.53571295,0.12,26.0,93.0,56.52934892,No Change,36.0,3.0
AC,25.5124197,67.26019755,0.08,26.7,89.0,61.0,No Change,11.0,2.0
AC,25.6355152,74.22913,0.74,26.25,92.0,56.0,No Change,58.0,4.0
NV,28.70465705,74.40958499999999,0.12,29.65,92.0,55.0,Cooler,58.0,16.0
AC,25.00824545,61.378465000000006,0.09,26.15,90.0,54.0,Warmer,52.0,1.0
AC,25.81166355,72.13758,0.04,26.950000000000003,83.0,73.0,Cooler,5.0,2.0
AC,25.1409359,72.33161,0.05,26.450000000000003,92.0,56.0,No Change,33.0,2.0
AC,25.31502245,74.973465,0.12,25.85,92.0,59.0,No Change,43.0,3.0
NV,25.49842095,71.5555226,0.32,26.5,89.0,62.0,No Change,23.0,18.0
AC,25.2760258,76.474795,0.03,26.15,93.0,58.0,No Change,33.0,2.0
NV,28.10838415,67.471385,0.37,28.7,93.0,46.0,Cooler,46.0,19.0
AC,25.50149345,73.650155,0.15,25.950000000000003,88.61356048,60.0,Cooler,41.0,3.0
AC,25.6685343,70.25001710000001,0.61,26.1,91.0,56.0,No Change,30.0,4.0
AC,24.7260895,62.652446,0.06,25.4,83.0,73.0,No Change,6.0,2.0
NV,25.57442,73.11616000000001,0.12,26.45,87.0,63.0,Cooler,53.0,16.0
AC,24.87424925,66.87863,0.02,25.55,90.0,64.0,Cooler,45.0,2.0
NV,27.5495987,71.271965,0.38,28.45,92.0,55.0,No Change,55.0,19.0
AC,25.22068785,63.52592,0.35,26.1,83.0,73.0,No Change,6.0,4.0
NV,28.70465705,74.40958499999999,0.12,29.65,92.0,55.0,Cooler,56.0,16.0
NV,29.344909450000003,75.87390255,0.71,30.200000000000003,91.0,58.0,Cooler,41.0,18.0
AC,24.7689409,72.381058,0.08,26.05,93.0,53.0,Cooler,43.0,2.0
NV,28.1659335,78.43466225,0.34,29.05,91.0,58.0,No Change,33.0,16.0
AC,25.5200795,61.2473545,0.08,25.75,91.0,56.0,No Change,17.0,2.0
AC,24.62115765,61.1168556,0.08,25.75,83.0,73.0,Cooler,5.0,2.0
AC,25.5124197,67.26019755,0.08,26.7,89.0,61.0,Cooler,8.0,2.0
AC,27.36964795,81.37462500000001,0.38,28.35,88.0,63.0,No Change,12.0,4.0
AC,24.6161051,72.3999378,0.03,25.35,87.0,65.0592637,Cooler,19.0,1.0
NV,27.72992225,77.1736231,0.08,28.6,90.0,58.0,Cooler,25.0,16.0
AC,25.88930225,68.0987621,0.47,26.5,89.0,54.14254275,No Change,52.0,3.0
AC,25.0134188,65.78278499999999,0.39,25.55,95.0,53.0,No Change,34.0,4.0
AC,25.4655695,71.05427775,0.07,26.15,89.0,62.60895939,No Change,37.0,2.0
NV,27.3566046,76.582235,0.56,28.25,87.17629594,62.0,No Change,51.0,18.0
AC,25.8863735,72.66152,0.03,26.9,91.0,57.0,Cooler,59.0,2.0
NV,27.72413065,75.60469434999999,0.11,28.65,88.83321587,58.0,Cooler,53.0,17.0
AC,26.0074838,73.20605499999999,0.9,26.75,91.0,57.0,No Change,59.0,4.0
NV,28.16462815,80.59476,0.05,29.25,88.0,66.0,Cooler,8.0,16.0
NV,29.476764,74.0503044,0.18,30.1,92.0,56.0,No Change,32.0,19.0
AC,25.7211838,76.17645805000001,0.03,27.25,83.0,73.0,Cooler,3.0,2.0
NV,26.755024,75.47792000000001,0.1,27.9,87.0,62.0,Cooler,49.0,16.0
AC,24.67073155,62.3186722,0.95,25.55,83.0,73.0,No Change,4.0,4.0
AC,25.24030155,67.368,0.56,25.65,91.0,54.0,Warmer,30.0,4.0
AC,24.7381439,64.09495,0.01,25.6,92.0,54.0,Cooler,59.0,1.0
NV,29.06328105,75.38085000000001,0.47,29.95,92.0,56.0,No Change,33.0,19.0
AC,25.964097950000003,79.176118,0.91,27.0,90.0,61.0,No Change,27.0,4.0
AC,25.6314656,67.09447,0.44,26.0,90.0,62.69769353,No Change,43.0,3.0
AC,25.35836505,68.70704,0.39,25.75,91.0,60.0,Warmer,43.0,4.0
AC,25.32947065,67.46198695000001,0.3,25.75,91.0,56.09573812,No Change,30.0,3.0
AC,25.824812,64.92693804999999,0.05,26.9,89.0,57.0,Cooler,53.0,2.0
NV,27.8988188,73.252155,0.25,28.85,88.0,57.0,No Change,50.0,17.0
AC,25.3410873,69.761645,0.68,25.75,91.0,60.0,No Change,47.0,4.0
AC,24.9865618,62.1965561,0.08,25.85,89.0,62.0,Cooler,25.0,3.0
AC,24.8630124,66.83332275000001,0.14,26.3,90.0,61.0,No Change,39.0,2.0
NV,28.63204125,66.743405,0.83,29.35,93.72225186,47.0,Cooler,48.0,18.0
NV,29.13082025,75.48105,1.33,30.0,91.0,58.0,Cooler,42.0,19.0
AC,25.88930225,68.0987621,0.47,26.5,89.0,54.14254275,No Change,50.0,3.0
AC,25.5196123,75.53583725,0.87,26.0,89.0,59.0,No Change,39.0,4.0
NV,28.84089085,76.13239215,0.03,29.9,92.0,56.0,Cooler,34.0,17.0
NV,28.8006992,74.818985,0.13,29.6,94.0,55.0,Cooler,37.0,17.0
AC,25.6225691,72.066778,0.08,26.5,83.0,73.0,Cooler,5.0,1.0
AC,25.5394034,66.983765,0.25,25.9,91.0,61.0,No Change,47.0,3.0
AC,26.01383785,75.09908,1.04,26.35,87.94166808,64.0,No Change,57.0,4.0
AC,24.93968485,70.17235,0.1,26.4,89.0,60.0,Cooler,9.0,2.0
NV,29.53199105,76.24749215,0.03,30.3,94.0,55.41261049,Cooler,39.0,16.0
AC,25.692997,72.00558000000001,0.12,26.6,83.0,73.0,Warmer,3.0,2.0
AC,24.59179495,63.6278339,0.05,25.8,92.0,53.0,Cooler,55.0,1.0
AC,26.0074838,73.20605499999999,0.9,26.75,91.0,57.0,Cooler,57.0,4.0
NV,28.94593045,77.552885,0.04,29.65,90.0,63.0,Cooler,23.0,16.0
AC,25.89058305,64.3954521,0.17,26.950000000000003,89.0,55.0,No Change,54.0,2.0
AC,24.0906477,64.61978239999999,0.1,24.85,89.0,64.0,No Change,46.0,2.0
NV,27.53707505,78.5155,0.47,28.4,90.0,61.0,No Change,35.0,18.0
AC,27.73055375,68.3111672,0.79,29.0,90.0,59.40369324,No Change,41.0,4.0
AC,24.59179495,63.6278339,0.05,25.8,92.0,53.0,No Change,59.0,1.0
NV,27.5875864,79.860165,0.23,28.7,91.0,59.0,Cooler,24.0,17.0
AC,25.3408642,73.3027723,0.14,26.6,89.0,61.0,Cooler,41.0,2.0
AC,26.4143038,63.468410000000006,0.73,27.05,91.0,55.0,No Change,14.0,4.0
AC,25.24460985,68.254955,0.09,26.15,90.0,60.0,No Change,42.0,3.0
NV,29.0374832,75.75785,0.51,29.85,90.0,58.40393321,Cooler,39.0,19.0
NV,29.736228,71.6406024,0.21,30.4,92.0,54.0,Cooler,58.0,17.0
AC,25.5681306,74.880505,0.18,26.3,90.0,59.0,Cooler,58.0,3.0
NV,27.89164355,80.28480775,0.26,28.75,87.0,67.0,Cooler,9.0,17.0
AC,25.5167483,76.30568285000001,0.81,26.0,89.0,59.0,No Change,37.0,4.0
AC,25.4045832,75.05785499999999,0.12,26.5,89.60338924,61.0,No Change,37.0,2.0
AC,24.8110323,70.94870755,0.15,26.45,89.0,60.0,Cooler,12.0,2.0
AC,25.5681306,74.880505,0.18,26.3,90.0,59.0,No Change,55.0,3.0
NV,27.3566046,76.582235,0.56,28.25,87.17629594,62.0,No Change,54.0,18.0
AC,25.99755285,75.6160202,0.42,26.45,87.0,64.0,No Change,55.0,4.0
AC,25.24030155,67.368,0.56,25.65,91.0,54.0,Cooler,25.0,4.0
AC,26.2560186,65.42827985,0.09,27.75,89.0,53.0,No Change,54.0,1.0
AC,25.21854405,67.45137245000001,0.19,25.55,91.0,54.0,No Change,28.0,4.0
AC,25.4883105,73.39035000000001,0.21,25.85,88.0,61.6148999,No Change,38.0,3.0
AC,24.60107615,63.119497550000006,0.08,25.25,83.0,73.0,No Change,1.0,2.0
NV,28.91536045,77.2558899,0.07,29.65,90.0,62.0,Cooler,19.0,16.0
AC,25.4624636,64.32089210000001,0.79,26.3,89.0,58.0,No Change,53.0,4.0
AC,24.6038218,63.8849528,0.3,25.25,90.0,62.0,No Change,23.0,4.0
AC,25.6025772,66.32347,0.26,26.35,89.0,58.0,No Change,50.0,3.0
AC,25.198411,67.88993500000001,0.12,26.65,89.0,60.0,Cooler,7.0,2.0
NV,25.54950615,70.42307,0.03,25.950000000000003,93.0,52.0,Cooler,46.0,16.0
AC,25.34310915,74.37012730000001,0.07,26.4,90.0,61.0,Cooler,39.0,2.0
NV,28.35708,73.904775,1.6,29.0,90.0,57.0,Cooler,30.0,19.0
AC,25.6745028,71.833585,0.68,26.15,89.0,61.0,No Change,42.0,4.0
AC,25.55190235,65.99576,0.06,26.25,90.0,60.0,Cooler,30.0,2.0
AC,25.1351478,64.30150735,0.33,25.700000000000003,89.92382406,60.07617594,No Change,26.0,3.0
NV,28.8109045,76.120485,0.88,29.65,91.0,58.16351379,No Change,14.0,19.0
AC,25.4416881,81.129065,0.72,26.1,95.0,51.46150004,Warmer,36.0,4.0
AC,25.6525,66.83991499999999,0.18,26.0,90.0,63.0,No Change,48.0,3.0
AC,28.02454665,70.03412209999999,0.45,29.3,90.0,59.0,Cooler,40.0,4.0
NV,27.89164355,80.28480775,0.26,28.75,87.0,67.0,No Change,10.0,17.0
NV,27.14934825,75.17565,0.48,28.05,87.0,62.0,No Change,52.0,18.0
AC,25.54172325,68.92381499999999,0.1,26.6,89.0,61.0,No Change,11.0,2.0
AC,26.4589215,67.20384,0.73,26.9,91.0,56.0,Warmer,18.0,4.0
AC,25.6355152,74.22913,0.74,26.25,92.0,56.0,Warmer,60.0,4.0
AC,25.6632469,76.27038,0.44,26.25,90.0,58.0,Cooler,56.0,3.0
AC,25.30698555,76.34046294999999,0.34,25.85,91.0,60.0,No Change,43.0,4.0
AC,25.7857256,73.1514,0.1,26.75,91.0,59.0,No Change,55.0,2.0
AC,25.6545267,77.72161,0.48,26.15,89.0,63.0,No Change,58.0,4.0
AC,25.16606845,67.43979,0.82,25.75,90.0,61.09088959,No Change,29.0,4.0
NV,29.1148081,74.52970235000001,0.46,30.05,90.83813265,59.0,Cooler,17.0,17.0
NV,28.1482096,74.46728745,0.25,29.05,90.0,57.86501955,Cooler,26.0,17.0
NV,27.8754944,78.7121529,1.0,28.8,88.0,65.0,No Change,4.0,18.0
AC,25.58609665,72.91242,0.69,26.25,89.0,52.0,No Change,50.0,4.0
NV,25.86277155,67.22079500000001,0.84,26.15,89.45417428,62.54582572,No Change,35.0,18.0
NV,27.5097694,71.02812499999999,1.15,28.35,92.0,55.0,No Change,56.0,19.0
NV,27.65568925,80.4292079,0.44,28.75,88.0,63.70919532,Cooler,10.0,18.0
AC,25.88930225,68.0987621,0.47,26.5,89.0,54.14254275,No Change,49.0,3.0
AC,25.7857256,73.1514,0.1,26.75,91.0,59.0,No Change,59.0,2.0
NV,26.7251539,74.8342,0.77,27.65,90.0,63.0,No Change,35.0,18.0
AC,25.56912805,74.659505,0.79,26.0,89.0,60.0,Cooler,40.0,4.0
AC,25.7857256,73.1514,0.1,26.75,91.0,59.0,Cooler,60.0,2.0
NV,29.13755095,75.01255499999999,0.78,29.65,90.16488071,59.0,No Change,14.0,19.0
AC,25.8863735,72.66152,0.03,26.9,91.0,57.0,No Change,60.0,2.0
NV,28.8937397,74.84340695,0.53,29.85,90.0,59.0,No Change,16.0,17.0
AC,25.3101883,68.550695,0.73,25.950000000000003,88.0,63.94702991,Warmer,22.0,4.0
AC,25.14501855,71.93512,0.66,25.75,94.0,53.0,No Change,31.0,4.0
NV,28.2101202,78.130925,0.37,29.15,91.0,58.0,Cooler,24.0,17.0
AC,25.82350215,73.0244429,0.3,26.4,90.0,60.0,No Change,58.0,3.0
NV,29.3854444,74.40034485000001,0.84,30.15,91.0,58.0,Cooler,17.0,18.0
AC,25.75917055,75.22926000000001,0.25,26.6,90.0,61.05437018,No Change,60.0,2.0
AC,25.8022413,73.48357010000001,0.15,26.35,93.0,54.0,No Change,36.0,2.0
AC,25.12643815,67.32656785,0.47,26.1,89.0,61.0,Cooler,7.0,4.0
AC,24.8560788,66.926475,0.67,25.5,89.0,63.0,No Change,24.0,4.0
NV,27.47764205,75.38158,0.4,28.25,86.0,68.0,No Change,2.0,17.0
AC,28.0483072,75.18605,1.06,28.9,91.0,55.0,No Change,17.0,4.0
NV,28.23171805,79.634805,0.79,29.200000000000003,90.0,60.0,No Change,23.0,19.0
AC,25.2204294,69.73222255,0.17,26.35,89.0,61.0,No Change,10.0,1.0
AC,25.5679827,65.013785,0.45,26.4,89.0,58.0,Cooler,53.0,3.0
AC,24.942033350000003,67.68392700000001,0.05,25.9,86.94512065,64.0,Cooler,19.0,2.0
NV,27.18658355,74.37285785,0.08,28.0,83.0,72.59119921,Cooler,4.0,16.0
AC,25.066245,64.676905,0.72,25.35,89.0,61.0,Cooler,7.0,4.0
NV,29.28249265,75.3105,0.56,30.1,91.0,58.0,Cooler,40.0,19.0
AC,26.2560186,65.42827985,0.09,27.75,89.0,53.0,Cooler,53.0,1.0
AC,24.87101935,68.94964,0.2,26.0,83.0,73.0,Cooler,6.0,1.0
NV,28.21619415,79.23662235,1.0,29.15,91.0,59.0,Cooler,22.0,19.0
NV,29.0374832,75.75785,0.51,29.85,90.0,58.40393321,No Change,37.0,19.0
AC,26.4143038,63.468410000000006,0.73,27.05,91.0,55.0,Warmer,16.0,4.0
AC,25.7184444,61.3057957,0.09,25.95,91.0,56.0,No Change,14.0,2.0
NV,29.3690672,74.16417,0.4,30.0,92.0,55.45385725,No Change,33.0,19.0
AC,24.8117132,61.63976285,0.72,25.65,83.0,73.0,No Change,1.0,4.0
AC,25.6355152,74.22913,0.74,26.25,92.0,56.0,No Change,57.0,4.0
AC,25.89085005,64.568505,0.15,26.950000000000003,89.0,55.0,Cooler,53.0,2.0
NV,29.3854444,74.40034485000001,0.84,30.15,91.0,58.0,No Change,18.0,18.0
AC,25.5679827,65.013785,0.45,26.4,89.0,58.0,No Change,49.0,3.0
NV,27.07351905,79.363115,0.36,28.1,88.0,62.0,No Change,11.0,19.0
AC,24.61979865,69.36933,0.16,25.8,91.0,55.0,No Change,29.0,2.0
NV,27.832695,68.15968000000001,0.06,28.200000000000003,93.0,47.0,Cooler,46.0,16.0
AC,25.77627795,82.95664500000001,0.2,26.450000000000003,94.46253801,51.0,Cooler,34.0,4.0
NV,26.17634105,75.302123,0.3,27.200000000000003,88.05192723,61.94807277,No Change,20.0,18.0
AC,25.0463774,67.89810499999999,0.06,25.75,90.0,60.0,No Change,28.0,1.0
AC,25.83666515,69.80744999999999,0.59,26.55,88.0,63.0,Cooler,9.0,4.0
NV,25.5737448,72.50533,0.27,26.6,89.0,61.94915638,No Change,24.0,18.0
NV,28.9411497,75.699615,0.7,29.65,89.3286939,58.83565305,No Change,16.0,19.0
NV,25.76368235,66.97658229999999,0.04,26.6,82.0,76.0,No Change,1.0,16.0
AC,25.58443,72.9034225,0.61,26.3,89.0,52.86264799,No Change,51.0,4.0
AC,24.4892044,69.46825215,0.1,25.5,89.0,64.0,Cooler,43.0,1.0
NV,29.07201785,73.97003555,0.06,30.05,92.0,56.0,Cooler,55.0,16.0
NV,28.97388325,75.5851074,0.36,29.65,89.0,59.0,No Change,14.0,19.0
AC,25.18851875,67.75354775,0.17,26.15,90.0,60.0,No Change,41.0,3.0
AC,25.81841555,77.31880000000001,1.04,26.3,89.0,63.05670321,No Change,56.0,4.0
NV,26.64318375,77.81644,0.34,27.8,89.0,61.0,Cooler,7.0,19.0
AC,25.6025772,66.32347,0.26,26.35,89.0,58.0,No Change,52.0,3.0
NV,28.5828416,65.73397,0.54,29.35,93.0,44.0,No Change,47.0,18.0
AC,25.5054302,76.210595,0.07,26.5,92.0,56.0,No Change,36.0,2.0
AC,24.00280475,65.52833275,0.09,25.5,90.0,63.0,No Change,41.0,1.0
AC,25.674645,75.8780078,0.22,26.2,90.0,59.0,No Change,58.0,3.0
AC,25.58443,72.9034225,0.61,26.3,89.0,52.86264799,No Change,54.0,4.0
NV,28.89999675,75.0561,0.08,29.8,94.0,55.0,Cooler,41.0,17.0
AC,24.7888558,66.630715,0.05,25.6,94.0,54.0,No Change,33.0,3.0
AC,24.87424925,66.87863,0.02,25.55,90.0,64.0,Cooler,48.0,2.0
AC,25.5805779,71.40130694999999,0.13,26.1,89.0,63.0,No Change,39.0,2.0
AC,25.4374294,69.43149,0.37,25.95,87.0,64.0,Warmer,24.0,4.0
AC,25.173296,70.359755,0.04,26.3,83.0,73.0,Cooler,5.0,1.0
NV,25.57442,73.11616000000001,0.12,26.45,87.0,63.0,Cooler,52.0,16.0
AC,25.82515905,70.769335,0.16,27.0,89.0,55.0,No Change,51.0,2.0
AC,25.66527555,75.88525,0.09,27.2,83.0,73.0,Cooler,1.0,2.0
NV,28.13394355,74.02672999999999,0.06,29.05,90.0,56.0,Cooler,30.0,17.0
AC,25.50149345,73.650155,0.15,25.950000000000003,88.61356048,60.0,Cooler,40.0,3.0
AC,24.50745225,63.892345,0.03,25.6,92.0,54.03616543,No Change,57.0,1.0
AC,24.97546195,67.8532773,0.03,25.700000000000003,89.0,63.0,Cooler,40.0,2.0
NV,29.45972285,73.77513705,0.55,30.3,91.0,59.0,Cooler,16.0,17.0
NV,26.98065565,77.210965,0.34,27.95,90.0,58.0,No Change,28.0,18.0
NV,27.9159422,73.092015,0.18,28.85,88.0,57.0,Cooler,49.0,17.0
AC,24.8467121,73.885195,0.04,25.7,91.0,59.0,No Change,26.0,1.0
NV,28.126397150000003,72.15378,0.24,29.0,88.0,56.0,Cooler,49.0,17.0
AC,24.61347865,57.8233537,0.03,25.6,83.0,73.0,No Change,4.0,2.0
AC,25.5200795,61.2473545,0.08,25.75,91.0,56.0,No Change,16.0,2.0
NV,28.81309225,76.218905,0.06,29.85,91.55190343,56.0,Cooler,31.0,17.0
AC,23.61478235,66.9452071,0.12,24.9,89.0,64.0,Cooler,43.0,1.0
AC,25.2070389,67.25805,0.56,25.65,83.0,73.0,No Change,6.0,4.0
NV,26.43474005,73.87907725,0.03,27.35,86.0,63.0,Cooler,53.0,16.0
AC,25.51999855,68.14429,0.22,26.3,90.0,60.0,No Change,39.0,3.0
AC,24.942033350000003,67.68392700000001,0.05,25.9,86.94512065,64.0,No Change,24.0,2.0
NV,29.13755095,75.01255499999999,0.78,29.65,90.16488071,59.0,Cooler,17.0,19.0
AC,25.53478625,66.65420225,0.05,26.6,88.14702575,58.0,No Change,50.0,2.0
AC,24.4298935,69.933345,0.54,25.25,83.0,73.0,No Change,6.0,4.0
AC,25.2427835,72.64668785,0.17,25.75,93.0,55.0,No Change,36.0,2.0
NV,28.4141456,79.98768,0.05,29.5,89.0,64.0,Cooler,8.0,16.0
AC,25.6104712,60.81998,0.15,26.05,89.0,63.0,No Change,28.0,3.0
AC,25.5124197,67.26019755,0.08,26.7,89.0,61.0,Cooler,10.0,2.0
NV,27.73088355,78.3376924,0.26,28.55,87.0,66.0,No Change,2.0,19.0
AC,25.54172325,68.92381499999999,0.1,26.6,89.0,61.0,Cooler,8.0,2.0
NV,28.1159983,74.05206305,0.14,28.9,90.0,56.0,Cooler,27.0,17.0
AC,25.8863735,72.66152,0.03,26.9,91.0,57.0,Cooler,58.0,2.0
NV,27.9054041,78.54395740000001,0.38,28.9,91.0,58.0,No Change,33.0,16.0
NV,29.7398109,71.5426121,0.31,30.4,92.0,54.0,Cooler,59.0,17.0
NV,27.60314385,76.169565,0.32,28.55,88.0,59.0,No Change,49.0,19.0
AC,27.60513115,79.99469500000001,0.38,28.25,93.0,55.0,No Change,36.0,3.0
NV,27.70735,77.43589205,1.12,28.55,87.0,66.0,No Change,3.0,19.0
NV,26.5736992,73.05947499999999,0.05,27.4,82.0,76.0,Cooler,1.0,16.0
AC,24.6267538,64.140635,0.36,25.25,90.0,62.0,No Change,22.0,4.0
NV,27.9660015,72.60140000000001,0.09,28.95,88.0,57.0,No Change,50.0,17.0
AC,25.57991885,66.15097895,0.09,26.15,91.0,57.0,No Change,17.0,1.0
AC,25.441961300000003,77.48910795,0.07,26.1,89.0,62.94420483,Cooler,55.0,2.0
NV,28.6000843,77.07266,0.04,29.6,91.0,59.0,Cooler,24.0,16.0
AC,25.441961300000003,77.48910795,0.07,26.1,89.0,62.94420483,Cooler,56.0,2.0
NV,28.1517763,74.60062260000001,0.27,29.1,90.0,58.0,Cooler,25.0,17.0
AC,28.02454665,70.03412209999999,0.45,29.3,90.0,59.0,No Change,38.0,4.0
NV,28.58662635,65.6599693,0.87,29.35,93.0,44.27907385,Cooler,46.0,18.0
AC,25.78303335,82.74889,0.78,26.450000000000003,95.0,51.0,Warmer,36.0,4.0
NV,27.72413065,75.60469434999999,0.11,28.65,88.83321587,58.0,Cooler,51.0,17.0
AC,25.227901600000003,67.360408,0.66,25.65,91.0,54.0,No Change,29.0,4.0
NV,27.16748335,71.1531128,0.09,27.35,93.0,50.71493106,Cooler,45.0,16.0
AC,24.8937378,61.228090300000005,0.84,25.700000000000003,83.0,73.0,No Change,6.0,4.0
AC,25.24077895,71.06231,0.07,26.4,83.0,73.0,No Change,2.0,1.0
NV,29.1448517,74.22372195,0.1,29.9,90.0,59.0,Cooler,15.0,16.0
NV,29.2706776,74.21861,0.1,30.0,90.0,59.0,Cooler,17.0,16.0
NV,26.3269892,76.14605789999999,0.38,27.35,89.0,61.0,No Change,22.0,18.0
AC,26.16298215,65.64681999999999,0.08,27.6,89.0,53.0,Cooler,51.0,1.0
NV,28.21487115,80.53101,0.09,29.1,88.0,66.0,Cooler,9.0,16.0
NV,25.76368235,66.97658229999999,0.04,26.6,82.0,76.0,No Change,2.0,16.0
AC,24.831316,72.60397735,0.17,25.950000000000003,92.0,56.0,Cooler,27.0,2.0
AC,24.61979865,69.36933,0.16,25.8,91.0,55.0,No Change,30.0,2.0
AC,29.26936685,75.98696000000001,0.42,30.1,91.0,58.0,No Change,15.0,4.0
NV,27.53707505,78.5155,0.47,28.4,90.0,61.0,No Change,34.0,18.0
NV,28.47183115,66.45309,0.88,29.25,93.0,46.0,Cooler,43.0,18.0
AC,25.2070389,67.25805,0.56,25.65,83.0,73.0,No Change,3.0,4.0
AC,25.0224695,62.74987635,0.81,25.0,89.0,62.0,Warmer,12.0,4.0
AC,24.90279865,68.55191805000001,0.16,26.4,89.0,62.0,No Change,39.0,1.0
AC,24.7888558,66.630715,0.05,25.6,94.0,54.0,No Change,36.0,3.0
NV,28.22226865,79.94888,0.56,29.1,91.0,60.0,No Change,23.0,19.0
AC,25.69550105,75.77646715,0.33,26.25,90.0,58.0,No Change,58.0,3.0
AC,25.3866665,67.38667774999999,0.1,25.8,91.0,56.19074627,No Change,28.0,3.0
AC,28.02454665,70.03412209999999,0.45,29.3,90.0,59.0,No Change,39.0,4.0
AC,25.5269273,75.17724000000001,0.05,26.45,90.0,62.94535887,No Change,57.0,2.0
AC,25.2427835,72.64668785,0.17,25.75,93.0,55.0,No Change,33.0,2.0
NV,27.6698885,80.306255,0.83,28.75,88.0,63.28844468,Cooler,7.0,18.0
AC,25.2760258,76.474795,0.03,26.15,93.0,58.0,No Change,31.0,2.0
AC,25.6545267,77.72161,0.48,26.15,89.0,63.0,No Change,60.0,4.0
AC,25.28754405,69.90267,0.34,25.85,91.0,58.0,Cooler,25.0,3.0
NV,28.6000843,77.07266,0.04,29.6,91.0,59.0,Cooler,20.0,16.0
AC,25.7857256,73.1514,0.1,26.75,91.0,59.0,Cooler,58.0,2.0
AC,24.733455,69.976585,0.15,26.4,90.0,60.0,Cooler,40.0,2.0
AC,25.4852362,72.59637000000001,0.6,26.05,89.0,52.0,No Change,51.0,4.0
AC,24.63644505,69.00406269999999,0.03,25.65,91.0,56.0,Cooler,34.0,1.0
AC,24.8560788,66.926475,0.67,25.5,89.0,63.0,No Change,22.0,4.0
NV,27.98451805,80.74121305,0.19,28.8,87.28795519,66.0,No Change,10.0,17.0
NV,27.5804081,79.19251285,0.26,28.5,91.0,61.0,Cooler,32.0,18.0
NV,29.51381805,76.483585,1.02,30.200000000000003,92.0,57.0,Cooler,42.0,18.0
AC,24.37329,57.3987461,0.89,24.75,83.0,73.0,No Change,4.0,4.0
AC,25.24077895,71.06231,0.07,26.4,83.0,73.0,Cooler,1.0,1.0
AC,25.198411,67.88993500000001,0.12,26.65,89.0,60.0,Cooler,9.0,2.0
NV,27.752233500000003,80.19243205000001,0.27,28.700000000000003,87.0,67.0,Cooler,7.0,17.0
AC,25.12966155,67.89088000000001,0.35,25.65,95.0,53.0,No Change,31.0,4.0
AC,23.61478235,66.9452071,0.12,24.9,89.0,64.0,Warmer,48.0,1.0
AC,25.52099035,67.15142700000001,0.25,25.9,90.69874187,61.0,No Change,45.0,3.0
NV,29.2706776,74.21861,0.1,30.0,90.0,59.0,Cooler,16.0,16.0
AC,24.9448845,69.454532,0.12,25.700000000000003,91.0,60.0,No Change,27.0,1.0
AC,27.60513115,79.99469500000001,0.38,28.25,93.0,55.0,No Change,33.0,3.0
AC,25.37465,67.46411515,0.02,26.65,89.0,61.0,Cooler,9.0,2.0
NV,27.3063831,75.91471695,0.57,28.2,87.0,61.0,No Change,53.0,18.0
AC,25.06077385,64.436025,0.49,25.3,89.0,61.7109739,Warmer,11.0,4.0
NV,29.0910797,75.31185500000001,0.21,29.95,92.0,56.0,Cooler,34.0,19.0
NV,29.71229365,76.92506,0.59,30.35,93.0,57.0,Cooler,41.0,18.0
AC,25.54172325,68.92381499999999,0.1,26.6,89.0,61.0,Cooler,7.0,2.0
NV,29.80188655,70.9149377,0.77,30.45,92.0,54.0,Cooler,57.0,18.0
NV,28.21487115,80.53101,0.09,29.1,88.0,66.0,Cooler,12.0,16.0
NV,29.79211235,71.031425,0.8,30.45,92.0,54.0,Cooler,55.0,18.0
AC,25.6025772,66.32347,0.26,26.35,89.0,58.0,No Change,53.0,3.0
NV,29.15743545,74.25272,0.07,29.9,90.0,59.0,Cooler,17.0,16.0
AC,25.8211603,74.097715,0.14,26.6,90.0,61.94612936,Cooler,56.0,2.0
NV,29.70415215,71.47286,0.41,30.35,92.0,54.0,No Change,55.0,18.0
AC,25.0625372,69.8457,0.06,26.15,89.0,62.0,Cooler,40.0,2.0
AC,25.51420405,75.206395,0.17,26.05,89.0,59.0,Cooler,40.0,3.0
AC,24.4892044,69.46825215,0.1,25.5,89.0,64.0,Cooler,46.0,1.0
NV,28.523658750000003,77.92713805,0.02,29.65,91.0,58.0,Cooler,34.0,17.0
NV,27.5875864,79.860165,0.23,28.7,91.0,59.0,Cooler,23.0,17.0
NV,27.16748335,71.1531128,0.09,27.35,93.0,50.71493106,Warmer,47.0,16.0
AC,25.13242055,65.085475,0.22,25.75,90.0,60.0,Cooler,29.0,3.0
AC,25.42826365,67.9406524,0.38,25.85,91.0,57.09444568,No Change,26.0,3.0
NV,27.71040535,79.386945,1.23,28.65,91.0,61.0,Warmer,32.0,16.0
AC,26.02596,67.20779,0.56,26.450000000000003,90.0,60.0,No Change,42.0,4.0
NV,26.48625645,74.276335,0.34,27.45,91.0,56.79489786,No Change,28.0,18.0
NV,28.86868955,76.02139,0.04,29.85,92.0,56.0,Cooler,32.0,17.0
AC,25.2350195,67.90704500000001,0.09,26.15,90.0,60.0,Cooler,38.0,3.0
AC,25.33085725,72.80657,0.74,25.85,91.0,58.0,Warmer,46.0,4.0
AC,25.9429913,72.502625,0.08,26.9,91.0,57.0,No Change,56.0,2.0
AC,25.6408987,66.22472214999999,0.03,26.35,90.0,61.0,No Change,26.0,2.0
AC,25.14348315,71.3987877,0.73,25.75,94.0,53.0,No Change,33.0,4.0
AC,25.06077385,64.436025,0.49,25.3,89.0,61.7109739,Cooler,8.0,4.0
AC,24.831316,72.60397735,0.17,25.950000000000003,92.0,56.0,Cooler,30.0,2.0
NV,29.8114805,71.02696499999999,0.15,30.5,92.0,54.0,Cooler,58.0,17.0
AC,25.35836505,68.70704,0.39,25.75,91.0,60.0,No Change,45.0,4.0
AC,25.4852362,72.59637000000001,0.6,26.05,89.0,52.0,Warmer,54.0,4.0
AC,24.8630124,66.83332275000001,0.14,26.3,90.0,61.0,No Change,37.0,2.0
AC,25.850986,77.13069229999999,1.02,26.35,89.0,63.94191481,No Change,57.0,4.0
AC,25.5679827,65.013785,0.45,26.4,89.0,58.0,No Change,54.0,3.0
NV,26.52745625,74.61818790000001,0.28,27.55,91.0,57.0,No Change,29.0,18.0
NV,29.7756462,71.74289305,0.13,30.4,92.0,55.0,Cooler,58.0,17.0
AC,25.5875284,70.96835999999999,0.23,26.2,89.0,52.0,No Change,53.0,4.0
NV,27.108918950000003,74.65289,0.03,27.9,82.0,74.0,No Change,2.0,16.0
AC,25.22068785,63.52592,0.35,26.1,83.0,73.0,No Change,1.0,4.0
NV,29.736228,71.6406024,0.21,30.4,92.0,54.0,Cooler,56.0,17.0
NV,28.1659335,78.43466225,0.34,29.05,91.0,58.0,No Change,31.0,16.0
AC,25.74301335,73.34111730000001,0.86,26.25,91.0,57.0,Warmer,60.0,4.0
AC,25.89085005,64.568505,0.15,26.950000000000003,89.0,55.0,Cooler,51.0,2.0
AC,26.4143038,63.468410000000006,0.73,27.05,91.0,55.0,No Change,17.0,4.0
AC,24.97546195,67.8532773,0.03,25.700000000000003,89.0,63.0,No Change,41.0,2.0
AC,25.534716600000003,76.0189478,0.07,26.55,92.0,56.0,Cooler,34.0,2.0
AC,25.17936745,67.80286000000001,0.58,25.75,90.0,62.0,No Change,26.0,4.0
NV,28.1936712,74.08189,0.49,28.85,90.0,57.0,No Change,26.0,19.0
AC,25.82515905,70.769335,0.16,27.0,89.0,55.0,No Change,52.0,2.0
NV,28.1517763,74.60062260000001,0.27,29.1,90.0,58.0,Cooler,29.0,17.0
AC,25.6716576,70.307565,0.16,26.95,89.0,54.14322106,No Change,50.0,2.0
NV,29.71229365,76.92506,0.59,30.35,93.0,57.0,Cooler,39.0,18.0
AC,25.54172325,68.92381499999999,0.1,26.6,89.0,61.0,Cooler,12.0,2.0
NV,28.07866765,73.87162755,1.03,28.85,90.0,56.0,No Change,26.0,19.0
AC,24.77680445,68.98632,0.13,25.8,91.0,55.0,Cooler,25.0,2.0
AC,25.0224695,62.74987635,0.81,25.0,89.0,62.0,No Change,10.0,4.0
NV,28.07866765,73.87162755,1.03,28.85,90.0,56.0,No Change,25.0,19.0
AC,25.6716576,70.307565,0.16,26.95,89.0,54.14322106,No Change,51.0,2.0
AC,24.90279865,68.55191805000001,0.16,26.4,89.0,62.0,Cooler,42.0,1.0
AC,25.5416238,75.004025,1.11,26.0,89.0,59.61059947,No Change,41.0,4.0
NV,26.7251539,74.8342,0.77,27.65,90.0,63.0,No Change,33.0,18.0
AC,25.2967,61.861315000000005,0.24,25.9,89.0,57.0,No Change,51.0,4.0
AC,25.14501855,71.93512,0.66,25.75,94.0,53.0,No Change,34.0,4.0
AC,25.12812575,67.5145474,0.74,25.65,94.46608805,53.0,No Change,33.0,4.0
AC,25.3183527,74.67086705,1.1,25.8,91.0,58.0,No Change,46.0,4.0
NV,28.3556118,66.87423795000001,0.2,29.0,94.0,46.0,Cooler,46.0,19.0
AC,25.17936745,67.80286000000001,0.58,25.75,90.0,62.0,No Change,27.0,4.0
AC,25.26369925,74.04795,0.32,25.8,92.0,58.70673745,No Change,47.0,3.0
AC,25.75917055,75.22926000000001,0.25,26.6,90.0,61.05437018,No Change,57.0,2.0
NV,26.797361700000003,75.466335,0.05,27.9,87.0,62.0,Cooler,50.0,16.0
NV,28.2155199,79.12161499999999,0.87,29.15,91.0,59.0,No Change,24.0,19.0
NV,29.13755095,75.01255499999999,0.78,29.65,90.16488071,59.0,No Change,16.0,19.0
NV,28.8006992,74.818985,0.13,29.6,94.0,55.0,Cooler,39.0,17.0
NV,28.21487115,80.53101,0.09,29.1,88.0,66.0,Cooler,8.0,16.0
NV,27.3575039,80.6216627,0.75,28.5,88.0,62.0,No Change,10.0,18.0
AC,25.53432465,66.39678,1.02,26.15,89.0,57.0,No Change,50.0,4.0
NV,28.8235407,75.06594000000001,0.09,29.65,90.0,57.0,Cooler,18.0,16.0
AC,25.6685343,70.25001710000001,0.61,26.1,91.0,56.0,No Change,29.0,4.0
AC,25.6408987,66.22472214999999,0.03,26.35,90.0,61.0,No Change,27.0,2.0
AC,25.2723955,67.95559499999999,0.2,26.3,90.0,59.39999654,Cooler,38.0,3.0
AC,23.86768435,65.7074075,0.15,25.25,90.0,62.0,No Change,41.0,2.0
AC,27.60513115,79.99469500000001,0.38,28.25,93.0,55.0,Cooler,34.0,3.0
AC,25.534716600000003,76.0189478,0.07,26.55,92.0,56.0,No Change,32.0,2.0
NV,25.76368235,66.97658229999999,0.04,26.6,82.0,76.0,Cooler,4.0,16.0
NV,27.07351905,79.363115,0.36,28.1,88.0,62.0,Cooler,8.0,19.0
AC,25.4722252,69.419885,0.55,26.15,87.0,65.0,No Change,24.0,4.0
AC,25.5058241,65.31376,0.37,26.3,89.0,58.0,Cooler,52.0,3.0
AC,25.706242,67.161445,0.1,26.15,91.0,57.0,No Change,18.0,1.0
NV,29.32160185,75.236575,0.71,30.1,91.0,59.0,Cooler,17.0,18.0
NV,28.35708,73.904775,1.6,29.0,90.0,57.0,No Change,26.0,19.0
AC,24.19105095,60.3192787,0.71,24.6,83.0,73.0,Warmer,2.0,4.0
NV,27.5859369,76.22223275,0.58,28.55,88.82535889,59.0,No Change,54.0,19.0
AC,25.8299016,73.15745,0.11,26.450000000000003,90.0,60.94619786,No Change,57.0,3.0
AC,26.1032356,70.59358,0.6,26.35,90.0,55.0,No Change,18.0,4.0
AC,25.4624636,64.32089210000001,0.79,26.3,89.0,58.0,Warmer,54.0,4.0
NV,27.70260055,77.36929,0.56,28.5,87.0,66.0,Cooler,5.0,19.0
AC,25.99755285,75.6160202,0.42,26.45,87.0,64.0,Cooler,59.0,4.0
AC,24.50745225,63.892345,0.03,25.6,92.0,54.03616543,No Change,56.0,1.0
NV,29.2708254,75.33709999999999,0.41,30.05,91.0,58.0,No Change,38.0,19.0
AC,25.22068785,63.52592,0.35,26.1,83.0,73.0,Warmer,2.0,4.0
AC,25.198411,67.88993500000001,0.12,26.65,89.0,60.0,No Change,10.0,2.0
NV,27.6302084,79.62815,0.25,28.75,91.0,58.95440393,Cooler,22.0,17.0
NV,28.3574657,78.53474715,0.03,29.35,91.0,58.0,Cooler,35.0,17.0
NV,27.3176635,77.61981779999999,0.05,28.2,90.0,58.0,Cooler,29.0,16.0
AC,25.56912805,74.659505,0.79,26.0,89.0,60.0,No Change,37.0,4.0
NV,28.7493633,68.83581000000001,0.48,29.65,93.0,49.0,Cooler,48.0,17.0
AC,24.10182595,65.3353073,0.11,25.5,90.0,63.0,Cooler,40.0,1.0
AC,24.37159185,63.2592831,0.11,24.8,89.0,62.0,No Change,20.0,2.0
NV,25.86277155,67.22079500000001,0.84,26.15,89.45417428,62.54582572,No Change,36.0,18.0
NV,27.4584055,74.27718999999999,0.09,28.2,84.0,71.0,Cooler,5.0,17.0
AC,25.24030155,67.368,0.56,25.65,91.0,54.0,No Change,27.0,4.0
NV,27.8793583,80.56149775,0.28,28.8,87.0,67.0,Cooler,8.0,17.0
AC,25.74301335,73.34111730000001,0.86,26.25,91.0,57.0,No Change,56.0,4.0
AC,24.6161051,72.3999378,0.03,25.35,87.0,65.0592637,No Change,23.0,1.0
NV,28.21487115,80.53101,0.09,29.1,88.0,66.0,Cooler,7.0,16.0
NV,29.34126855,74.28265999999999,0.25,29.95,92.0,56.0,No Change,36.0,19.0
AC,25.67464295,68.524442,0.65,26.35,88.0,63.0,Cooler,8.0,4.0
AC,25.42730805,72.64931200000001,0.28,26.0,90.0,62.0,No Change,26.0,4.0
AC,28.75246105,77.69266745,0.18,29.4,92.45391631,55.0,No Change,35.0,3.0
NV,29.07201785,73.97003555,0.06,30.05,92.0,56.0,Cooler,60.0,16.0
AC,25.29862215,68.56858,0.46,25.950000000000003,88.0,63.0,Warmer,20.0,4.0
AC,29.2042246,76.43486999999999,0.48,30.0,87.63262761,58.0,Cooler,14.0,4.0
NV,29.8114805,71.02696499999999,0.15,30.5,92.0,54.0,Cooler,57.0,17.0
NV,29.476764,74.0503044,0.18,30.1,92.0,56.0,Cooler,31.0,19.0
AC,24.8110323,70.94870755,0.15,26.45,89.0,60.0,Cooler,7.0,2.0
NV,26.7819213,77.79821720000001,0.5,27.85,90.0,59.0,No Change,23.0,18.0
AC,24.94346715,68.3360921,0.04,25.9,89.0,61.0,No Change,11.0,1.0
AC,23.8452473,64.99563500000001,0.19,25.25,90.0,62.0,No Change,37.0,1.0
NV,27.72413065,75.60469434999999,0.11,28.65,88.83321587,58.0,Cooler,52.0,17.0
AC,25.4633837,67.5986099,0.38,25.700000000000003,91.0,55.0,No Change,27.0,4.0
AC,25.824812,64.92693804999999,0.05,26.9,89.0,57.0,Cooler,49.0,2.0
AC,25.28754405,69.90267,0.34,25.85,91.0,58.0,No Change,28.0,3.0
AC,24.8658533,68.89315500000001,0.23,25.95,83.0,73.0,No Change,4.0,1.0
NV,28.523658750000003,77.92713805,0.02,29.65,91.0,58.0,Cooler,36.0,17.0
NV,27.6887398,79.48061254999999,1.09,28.6,91.0,61.0,No Change,31.0,16.0
AC,24.733455,69.976585,0.15,26.4,90.0,60.0,Cooler,42.0,2.0
AC,25.44734,67.6346027,1.04,25.85,91.0,60.0,No Change,47.0,4.0
NV,25.6596031,69.50813725,0.38,26.1,91.0,54.89796923,No Change,25.0,18.0
NV,27.72992225,77.1736231,0.08,28.6,90.0,58.0,Cooler,29.0,16.0
NV,27.43472765,67.19831464999999,0.24,27.8,94.0,56.0,Cooler,41.0,17.0
NV,28.0564146,78.3970871,0.17,28.95,91.0,57.0,Cooler,19.0,17.0
AC,24.8542728,61.30048265,0.07,26.1,90.0,53.84551064,No Change,51.0,1.0
AC,25.53478625,66.65420225,0.05,26.6,88.14702575,58.0,Cooler,52.0,2.0
NV,28.34041365,74.849875,0.07,29.2,91.0,58.0,Cooler,26.0,17.0
AC,25.674645,75.8780078,0.22,26.2,90.0,59.0,No Change,60.0,3.0
AC,25.17013435,72.73873499999999,0.18,26.450000000000003,92.0,56.0,Cooler,34.0,2.0
NV,28.35708,73.904775,1.6,29.0,90.0,57.0,No Change,27.0,19.0
NV,27.24390985,80.3270028,0.74,28.3,88.0,62.0,No Change,11.0,19.0
NV,29.736228,71.6406024,0.21,30.4,92.0,54.0,Cooler,57.0,17.0
NV,28.70016365,68.11952,0.68,29.4,93.0,48.0,Cooler,45.0,17.0
AC,25.43371865,73.53509745,0.15,26.35,92.0,55.0,Cooler,27.0,2.0
AC,25.14348315,71.3987877,0.73,25.75,94.0,53.0,No Change,32.0,4.0
AC,25.0995734,66.1507477,0.67,25.700000000000003,90.0,61.0,No Change,25.0,4.0
NV,26.6446638,73.21355,0.02,27.5,82.0,76.0,Cooler,4.0,16.0
AC,25.55190235,65.99576,0.06,26.25,90.0,60.0,Cooler,25.0,2.0
AC,24.59179495,63.6278339,0.05,25.8,92.0,53.0,No Change,58.0,1.0
NV,25.8066244,70.19372,0.26,26.3,91.0,55.0,No Change,29.0,18.0
NV,27.98451805,80.74121305,0.19,28.8,87.28795519,66.0,Cooler,9.0,17.0
AC,25.0099273,60.2925516,0.84,25.5,88.0,62.0,Warmer,12.0,4.0
AC,25.3058491,76.48246,0.42,25.85,91.0,60.0,Warmer,48.0,4.0
AC,25.48567595,73.44883,0.18,25.9,87.61468471,61.0,No Change,41.0,3.0
AC,25.3058491,76.48246,0.42,25.85,91.0,60.0,Warmer,45.0,4.0
NV,27.5314093,75.8627979,0.15,28.4,86.0,67.0,No Change,1.0,17.0
AC,25.57848805,69.79694,0.22,26.05,89.0,53.0,No Change,52.0,3.0
AC,24.57584655,57.65394135,0.04,25.6,83.0,73.0,Cooler,5.0,2.0
AC,25.3176384,74.67751000000001,0.31,25.85,92.0,59.0,No Change,47.0,3.0
NV,29.07201785,73.97003555,0.06,30.05,92.0,56.0,Cooler,56.0,16.0
AC,26.4224701,63.79737305,0.53,26.95,91.0,55.0,No Change,15.0,4.0
NV,29.51381805,76.483585,1.02,30.200000000000003,92.0,57.0,Cooler,41.0,18.0
AC,25.4883105,73.39035000000001,0.21,25.85,88.0,61.6148999,No Change,42.0,3.0
AC,25.82515905,70.769335,0.16,27.0,89.0,55.0,Cooler,53.0,2.0
AC,25.42826365,67.9406524,0.38,25.85,91.0,57.09444568,No Change,27.0,3.0
NV,26.755024,75.47792000000001,0.1,27.9,87.0,62.0,Cooler,53.0,16.0
AC,25.4852362,72.59637000000001,0.6,26.05,89.0,52.0,Warmer,52.0,4.0
AC,25.6104712,60.81998,0.15,26.05,89.0,63.0,Cooler,25.0,3.0
AC,27.36964795,81.37462500000001,0.38,28.35,88.0,63.0,Cooler,9.0,4.0
NV,26.43474005,73.87907725,0.03,27.35,86.0,63.0,Cooler,52.0,16.0
AC,25.7211838,76.17645805000001,0.03,27.25,83.0,73.0,Cooler,5.0,2.0
AC,24.7689409,72.381058,0.08,26.05,93.0,53.0,No Change,47.0,2.0
AC,29.26936685,75.98696000000001,0.42,30.1,91.0,58.0,No Change,16.0,4.0
NV,28.35708,73.904775,1.6,29.0,90.0,57.0,No Change,25.0,19.0
NV,25.54950615,70.42307,0.03,25.950000000000003,93.0,52.0,Warmer,47.0,16.0
AC,25.57991885,66.15097895,0.09,26.15,91.0,57.0,No Change,14.0,1.0
NV,27.2373285,75.074165,0.54,28.05,87.0,61.0,No Change,50.0,18.0
AC,25.29170035,73.92295200000001,0.07,25.75,92.0,58.0,No Change,45.0,3.0
NV,27.4584055,74.27718999999999,0.09,28.2,84.0,71.0,No Change,1.0,17.0
NV,28.5028057,73.71183289999999,0.24,29.3,94.0,55.0,Cooler,41.0,17.0
AC,25.217021,62.9532509,0.23,26.05,83.0,73.0,No Change,4.0,4.0
NV,28.1159983,74.05206305,0.14,28.9,90.0,56.0,No Change,28.0,17.0
NV,28.1810989,67.2262777,0.09,28.8,93.0,46.0,Cooler,46.0,19.0
AC,25.6841412,60.26895,0.31,26.1,89.0,63.0,No Change,27.0,3.0
AC,24.8336972,69.80966565,0.09,25.55,93.0,53.0,No Change,35.0,2.0
NV,28.1482096,74.46728745,0.25,29.05,90.0,57.86501955,No Change,28.0,17.0
AC,24.2790775,68.2382672,0.13,25.3,89.0,64.0,No Change,45.0,1.0
AC,24.77120795,64.7557232,0.04,25.55,87.0,64.0,Cooler,23.0,2.0
AC,28.75246105,77.69266745,0.18,29.4,92.45391631,55.0,Cooler,34.0,3.0
NV,29.44348435,74.049395,0.86,30.2,89.0,58.0,No Change,18.0,18.0
AC,24.2068288,67.79967500000001,0.06,25.25,87.0,66.0,No Change,20.0,1.0
AC,25.03423025,62.0025569,0.41,25.85,89.0,62.0,No Change,26.0,3.0
NV,28.1936712,74.08189,0.49,28.85,90.0,57.0,Cooler,30.0,19.0
AC,25.7857256,73.1514,0.1,26.75,91.0,59.0,Warmer,57.0,2.0
NV,29.02581735,75.77595500000001,0.7,29.85,90.0,59.0,Cooler,42.0,19.0
AC,25.0596764,67.46126705,0.11,25.75,90.09168622,60.09168622,Cooler,30.0,1.0
NV,27.9270697,78.45029,0.68,28.95,91.0,58.0,No Change,32.0,16.0
NV,27.2297106,80.2595253,0.63,28.35,88.0,62.0,No Change,12.0,19.0
AC,25.54172325,68.92381499999999,0.1,26.6,89.0,61.0,Cooler,9.0,2.0
NV,29.59664415,71.77473,0.76,30.35,92.0,53.0,No Change,60.0,18.0
AC,24.87618635,69.1668231,0.14,26.05,83.0,73.0,Cooler,5.0,1.0
AC,25.33085725,72.80657,0.74,25.85,91.0,58.0,No Change,45.0,4.0
AC,25.2967,61.861315000000005,0.24,25.9,89.0,57.0,No Change,53.0,4.0
AC,25.32947065,67.46198695000001,0.3,25.75,91.0,56.09573812,No Change,26.0,3.0
NV,27.6431484,76.4995576,1.1,28.5,87.0,67.0,No Change,1.0,19.0
AC,25.69550105,75.77646715,0.33,26.25,90.0,58.0,No Change,57.0,3.0
NV,27.71040535,79.386945,1.23,28.65,91.0,61.0,No Change,35.0,16.0
NV,27.72413065,75.60469434999999,0.11,28.65,88.83321587,58.0,No Change,50.0,17.0
AC,25.0463774,67.89810499999999,0.06,25.75,90.0,60.0,Cooler,29.0,1.0
NV,28.2296936,79.77403000000001,0.54,29.1,90.95917264,60.0,Cooler,22.0,19.0
AC,24.50745225,63.892345,0.03,25.6,92.0,54.03616543,Cooler,55.0,1.0
NV,28.2101202,78.130925,0.37,29.15,91.0,58.0,Cooler,23.0,17.0
NV,27.81130785,78.54907765,0.65,28.75,88.0,66.0,No Change,2.0,18.0
NV,28.523658750000003,77.92713805,0.02,29.65,91.0,58.0,Cooler,31.0,17.0
AC,25.3101883,68.550695,0.73,25.950000000000003,88.0,63.94702991,Warmer,19.0,4.0
AC,24.68198905,68.855195,0.15,25.85,93.0,52.0,Cooler,45.0,2.0
AC,24.7888558,66.630715,0.05,25.6,94.0,54.0,No Change,31.0,3.0
NV,29.44348435,74.049395,0.86,30.2,89.0,58.0,Cooler,17.0,18.0
NV,29.10197295,73.975365,0.11,30.1,92.0,56.0,Cooler,59.0,16.0
AC,25.4909477,73.399675,0.35,25.9,88.0,61.38445218,No Change,42.0,3.0
NV,27.81130785,78.54907765,0.65,28.75,88.0,66.0,Warmer,3.0,18.0
AC,25.05919145,71.16364999999999,0.21,26.05,91.0,57.0,No Change,35.0,1.0
NV,27.72413065,75.60469434999999,0.11,28.65,88.83321587,58.0,Cooler,54.0,17.0
NV,29.476764,74.0503044,0.18,30.1,92.0,56.0,Cooler,36.0,19.0
AC,25.89784765,78.6051322,0.68,26.9,90.0,61.0,No Change,28.0,4.0
AC,25.27756195,67.9945975,0.23,26.3,90.0,59.0,No Change,42.0,3.0
AC,24.4298935,69.933345,0.54,25.25,83.0,73.0,No Change,3.0,4.0
NV,27.5859369,76.22223275,0.58,28.55,88.82535889,59.0,No Change,51.0,19.0
NV,26.64318375,77.81644,0.34,27.8,89.0,61.0,No Change,9.0,19.0
NV,26.59933085,73.71331705,0.06,27.450000000000003,86.0,63.0,Cooler,49.0,16.0
AC,25.7223743,67.601495,0.44,26.1,90.0,55.14502996,No Change,14.0,4.0
AC,25.3045614,76.120945,0.39,26.0,92.0,60.0,No Change,47.0,3.0
AC,24.59179495,63.6278339,0.05,25.8,92.0,53.0,No Change,56.0,1.0
AC,23.43789155,66.086117,0.14,24.65,89.0,65.0,Cooler,43.0,1.0
NV,29.8205519,76.342365,0.11,30.5,93.0,56.0,Cooler,38.0,16.0
NV,27.5495987,71.271965,0.38,28.45,92.0,55.0,No Change,59.0,19.0
NV,29.81506415,70.893145,0.27,30.5,92.0,53.98572117,Cooler,55.0,17.0
NV,29.1448517,74.22372195,0.1,29.9,90.0,59.0,Cooler,14.0,16.0
NV,29.71229365,76.92506,0.59,30.35,93.0,57.0,No Change,37.0,18.0
AC,25.42998695,59.0868149,0.05,26.1,91.0,55.0,No Change,14.0,2.0
NV,28.16462815,80.59476,0.05,29.25,88.0,66.0,Cooler,7.0,16.0
AC,26.6239548,74.85732,0.26,27.15,93.0,54.45409424,No Change,34.0,3.0
AC,24.81021435,66.186105,0.41,25.4,89.0,63.0,No Change,23.0,4.0
NV,29.401518000000003,73.42459,0.04,30.3,92.0,55.0,Cooler,57.0,16.0
NV,27.7569967,78.4944672,0.92,28.65,87.0,65.59896381,No Change,1.0,18.0
AC,24.1710491,60.92527965,0.58,24.65,83.0,73.0,No Change,4.0,4.0
AC,25.53432465,66.39678,1.02,26.15,89.0,57.0,No Change,49.0,4.0
AC,25.2201032,61.53530775,0.18,25.8,89.0,57.0,No Change,54.0,4.0
AC,24.0617094,65.2737846,0.17,25.2,87.0,66.0,Cooler,19.0,2.0
NV,27.37170275,80.658495,0.87,28.5,88.0,62.0,Cooler,7.0,18.0
AC,26.7131529,75.22815700000001,0.27,27.25,93.0,54.54611805,No Change,31.0,3.0
NV,28.21619415,79.23662235,1.0,29.15,91.0,59.0,No Change,20.0,19.0
NV,27.4778919,75.31259,0.34,28.25,86.0,68.0,No Change,3.0,17.0
NV,25.86277155,67.22079500000001,0.84,26.15,89.45417428,62.54582572,No Change,32.0,18.0
NV,28.3860197,74.00213,0.85,29.3,92.0,55.0,Cooler,58.0,19.0
NV,27.9660015,72.60140000000001,0.09,28.95,88.0,57.0,Cooler,51.0,17.0
NV,29.1541548,75.44713999999999,0.97,30.05,91.0,58.0,No Change,38.0,19.0
AC,25.00824545,61.378465000000006,0.09,26.15,90.0,54.0,No Change,49.0,1.0
AC,23.89018825,65.62138999999999,0.06,25.25,90.0,62.0,Warmer,39.0,2.0
NV,27.46960355,76.7434977,0.31,28.45,88.0,60.0,No Change,50.0,19.0
AC,25.36683465,68.528445,0.67,25.7,91.0,60.0,No Change,47.0,4.0
AC,25.63090805,77.69760755,0.65,26.15,89.0,63.0,Warmer,55.0,4.0
AC,25.4258623,69.37249695,0.46,26.0,87.0,64.0,No Change,23.0,4.0
NV,28.70465705,74.40958499999999,0.12,29.65,92.0,55.0,Cooler,60.0,16.0
AC,25.23486425,69.1292,0.03,25.9,89.0,63.0,Cooler,45.0,2.0
AC,25.03749245,75.901905,0.09,25.9,91.0,58.0,No Change,29.0,1.0
NV,27.90806575,73.04190775000001,0.63,29.0,92.0,54.0,Cooler,57.0,19.0
AC,25.51999855,68.14429,0.22,26.3,90.0,60.0,No Change,40.0,3.0
AC,25.5452836,57.64316,0.11,26.4,91.0,56.0,Cooler,14.0,2.0
AC,25.2427835,72.64668785,0.17,25.75,93.0,55.0,No Change,31.0,2.0
NV,29.3854444,74.40034485000001,0.84,30.15,91.0,58.0,Cooler,15.0,18.0
AC,25.6225691,72.066778,0.08,26.5,83.0,73.0,Warmer,2.0,1.0
AC,27.36964795,81.37462500000001,0.38,28.35,88.0,63.0,Cooler,7.0,4.0
AC,25.5301969,66.84052,0.3,25.9,91.0,61.0,Warmer,46.0,3.0
AC,24.83875945,66.35274785,0.69,25.5,89.0,54.0,No Change,35.0,4.0
AC,24.98846825,65.756475,0.29,25.55,95.0,53.0,Warmer,36.0,4.0
NV,27.89164355,80.28480775,0.26,28.75,87.0,67.0,No Change,11.0,17.0
AC,25.38718985,67.34399805000001,0.74,25.65,91.0,54.0,No Change,26.0,4.0
AC,25.3183527,74.67086705,1.1,25.8,91.0,58.0,Warmer,45.0,4.0
AC,24.61979865,69.36933,0.16,25.8,91.0,55.0,No Change,28.0,2.0
AC,24.845932,71.195115,0.08,26.45,89.0,60.0,Cooler,8.0,2.0
NV,27.82118325,78.55417,0.65,28.8,88.0,65.0,Cooler,6.0,18.0
NV,27.6555643,76.597229,0.55,28.5,87.0,67.0,Warmer,3.0,19.0
AC,25.3183527,74.67086705,1.1,25.8,91.0,58.0,No Change,47.0,4.0
AC,24.7277887,69.61462,0.08,26.4,90.0,60.0,Cooler,38.0,2.0
AC,25.1428541,68.0492024,0.39,26.05,89.0,61.28816928,No Change,10.0,4.0
AC,25.46557855,77.5171,0.09,26.05,89.0,63.0,Cooler,58.0,2.0
NV,28.63204125,66.743405,0.83,29.35,93.72225186,47.0,Cooler,46.0,18.0
AC,25.2201032,61.53530775,0.18,25.8,89.0,57.0,No Change,52.0,4.0
AC,24.01170645,65.390785,0.05,25.15,87.0,66.0,No Change,24.0,2.0
NV,26.98065565,77.210965,0.34,27.95,90.0,58.0,No Change,30.0,18.0
AC,23.43789155,66.086117,0.14,24.65,89.0,65.0,No Change,46.0,1.0
NV,28.30006695,78.896755,0.03,29.3,91.0,59.0,Cooler,22.0,16.0
NV,27.7656975,68.397755,0.11,28.15,93.0,46.28429978,No Change,47.0,16.0
NV,27.752233500000003,80.19243205000001,0.27,28.700000000000003,87.0,67.0,Cooler,10.0,17.0
AC,25.68664,65.914108,0.35,26.15,89.0,53.0,Cooler,52.0,3.0
AC,25.68664,65.914108,0.35,26.15,89.0,53.0,No Change,51.0,3.0
NV,28.1810989,67.2262777,0.09,28.8,93.0,46.0,Cooler,48.0,19.0
NV,27.9270697,78.45029,0.68,28.95,91.0,58.0,No Change,35.0,16.0
AC,24.35074325,61.706855,0.41,24.950000000000003,90.0,62.0,Warmer,20.0,4.0
NV,26.52745625,74.61818790000001,0.28,27.55,91.0,57.0,Cooler,26.0,18.0
NV,25.8236523,67.809045,0.06,26.65,82.0,76.0,Cooler,5.0,16.0
AC,25.2849809,72.16737499999999,0.13,26.0,93.0,56.0,No Change,31.0,3.0
AC,25.6406717,67.26145555,0.34,26.0,90.0,63.0,No Change,47.0,3.0
NV,26.6446638,73.21355,0.02,27.5,82.0,76.0,Cooler,5.0,16.0
AC,24.42423815,72.63083,0.04,25.4,87.0,67.0,No Change,20.0,1.0
AC,25.38844585,76.03240285,0.62,25.95,94.0,52.0,No Change,33.0,4.0
AC,25.6225691,72.066778,0.08,26.5,83.0,73.0,No Change,4.0,1.0
NV,29.45009265,73.9092719,0.17,30.15,92.0,56.0,Cooler,35.0,19.0
NV,28.6000843,77.07266,0.04,29.6,91.0,59.0,Cooler,22.0,16.0
AC,25.4803936,67.208623,0.05,26.65,89.0,61.0,Cooler,12.0,2.0
NV,29.003220650000003,76.104175,0.04,29.85,94.0,54.0,Cooler,40.0,16.0
AC,25.82515905,70.769335,0.16,27.0,89.0,55.0,No Change,54.0,2.0
AC,25.2070389,67.25805,0.56,25.65,83.0,73.0,No Change,1.0,4.0
NV,29.02581735,75.77595500000001,0.7,29.85,90.0,59.0,Cooler,40.0,19.0
NV,28.13394355,74.02672999999999,0.06,29.05,90.0,56.0,Cooler,29.0,17.0
AC,25.78199675,72.10458235,0.1,26.85,83.0,73.0,Cooler,4.0,2.0
AC,25.72225665,63.998686250000006,0.13,25.95,91.0,57.0,No Change,16.0,2.0
AC,25.12966155,67.89088000000001,0.35,25.65,95.0,53.0,No Change,34.0,4.0
NV,27.07351905,79.363115,0.36,28.1,88.0,62.0,Cooler,7.0,19.0
NV,28.2296936,79.77403000000001,0.54,29.1,90.95917264,60.0,No Change,20.0,19.0
AC,25.74301335,73.34111730000001,0.86,26.25,91.0,57.0,Warmer,55.0,4.0
NV,28.10838415,67.471385,0.37,28.7,93.0,46.0,Cooler,43.0,19.0
AC,25.5228548,81.233565,0.39,26.1,95.0,51.0,No Change,35.0,4.0
AC,25.2951131,72.53571295,0.12,26.0,93.0,56.52934892,No Change,35.0,3.0
NV,27.832695,68.15968000000001,0.06,28.200000000000003,93.0,47.0,Cooler,43.0,16.0
AC,24.2068288,67.79967500000001,0.06,25.25,87.0,66.0,No Change,23.0,1.0
NV,26.3269892,76.14605789999999,0.38,27.35,89.0,61.0,No Change,20.0,18.0
NV,27.752233500000003,80.19243205000001,0.27,28.700000000000003,87.0,67.0,No Change,11.0,17.0
AC,25.6225691,72.066778,0.08,26.5,83.0,73.0,No Change,3.0,1.0
NV,26.48625645,74.276335,0.34,27.45,91.0,56.79489786,Cooler,27.0,18.0
AC,24.50745225,63.892345,0.03,25.6,92.0,54.03616543,No Change,59.0,1.0
AC,25.6632469,76.27038,0.44,26.25,90.0,58.0,Warmer,59.0,3.0
NV,28.33899975,78.517155,0.05,29.3,91.0,58.0,Cooler,36.0,17.0
AC,23.4386787,66.05906999999999,0.15,24.65,89.0,65.0,Warmer,47.0,1.0
NV,28.83379805,74.898025,0.12,29.700000000000003,93.58029734,55.0,Cooler,40.0,17.0
AC,24.69044305,69.27887,0.04,25.7,91.0,56.47476051,No Change,36.0,1.0
NV,28.5421238,77.79976500000001,0.03,29.65,91.0,58.0,Cooler,32.0,17.0
AC,24.50745225,63.892345,0.03,25.6,92.0,54.03616543,Cooler,60.0,1.0
AC,24.67073155,62.3186722,0.95,25.55,83.0,73.0,Cooler,5.0,4.0
NV,27.43472765,67.19831464999999,0.24,27.8,94.0,56.0,Cooler,40.0,17.0
AC,25.6408987,66.22472214999999,0.03,26.35,90.0,61.0,No Change,28.0,2.0
AC,25.6314656,67.09447,0.44,26.0,90.0,62.69769353,Cooler,48.0,3.0
NV,27.752233500000003,80.19243205000001,0.27,28.700000000000003,87.0,67.0,Cooler,8.0,17.0
NV,28.799171450000003,76.13997735,1.62,29.65,91.0,59.0,No Change,16.0,19.0
AC,25.75917055,75.22926000000001,0.25,26.6,90.0,61.05437018,Cooler,58.0,2.0
NV,27.28426425,77.54482999999999,0.08,28.1,90.0,57.89679308,Cooler,26.0,16.0
AC,25.03749245,75.901905,0.09,25.9,91.0,58.0,No Change,28.0,1.0
AC,24.6267538,64.140635,0.36,25.25,90.0,62.0,Warmer,20.0,4.0
AC,25.51388645,74.94691465,0.18,26.0,88.61178068,59.38821932,Cooler,41.0,3.0
AC,24.81651195,66.7278222,0.1,26.3,90.0,61.0,Cooler,40.0,2.0
AC,24.61979865,69.36933,0.16,25.8,91.0,55.0,Cooler,27.0,2.0
AC,24.8261671,70.32521215,0.11,25.55,93.0,54.0,No Change,33.0,2.0
AC,25.44734,67.6346027,1.04,25.85,91.0,60.0,Warmer,46.0,4.0
AC,25.0224695,62.74987635,0.81,25.0,89.0,62.0,Warmer,11.0,4.0
